game_id,possession_number,lineup_id,lineup_profile,tactic,opponent_style,opponent_strength,schedule_fatigue,late_clock,transition,clutch_context,spacing,creation,rim_pressure,defense,rebounding,ball_security,pace,shot_quality,turnover_pressure,defensive_risk,rebound_matchup,actual_points,predicted_points
65,0,L02,High creation guard unit,spread_pnr,size,0.45761883062293,0.3642243282162499,0.0,0.0,0.0,0.73,0.88,0.67,0.57,0.47,0.62,0.76,0.7623891046981712,0.3557325608968447,0.4672740369227091,0.390863124935741,0.8875758649491292,1.0027323716675138
65,1,L12,Late-clock creation group,spread_pnr,size,0.45761883062293,0.3642243282162499,0.0,0.0,0.0,0.74,0.91,0.59,0.63,0.51,0.66,0.57,0.6754512722041306,0.4361020577853652,0.42671188588274794,0.43868374371685437,1.2948453810277287,0.9908390068831548
65,2,L03,Big frontcourt rebound unit,early_drag,drop,0.45761883062293,0.3642243282162499,0.0,0.0,0.0,0.55,0.58,0.76,0.74,0.88,0.65,0.54,0.7057061040743299,0.40910196954489353,0.34765799553835436,0.6299231708583722,0.8169253323278621,1.0191405240150417
65,3,L06,Balanced playoff-style unit,post_split,zone,0.45761883062293,0.3642243282162499,1.0,1.0,0.0,0.76,0.75,0.66,0.79,0.66,0.78,0.63,0.7549909828146295,0.4954166403563234,0.35507899131549764,0.6065499468417058,0.889403053418645,1.0820566566412342
65,4,L07,Rim pressure transition group,post_split,pressure,0.45761883062293,0.3642243282162499,1.0,1.0,0.0,0.6,0.7,0.89,0.6,0.61,0.57,0.83,0.6841857797860141,0.5750364797570663,0.4040384463341392,0.6401889968236579,0.571084215937101,0.9640413506501475
65,5,L08,Low-turnover veteran group,empty_corner,size,0.45761883062293,0.3642243282162499,0.0,1.0,0.0,0.69,0.68,0.55,0.69,0.59,0.91,0.52,0.7766328735658399,0.31682307717196984,0.37148151850847116,0.5034767848075243,1.823759988163564,1.0813781962941516
65,6,L03,Big frontcourt rebound unit,early_drag,pressure,0.45761883062293,0.3642243282162499,0.0,1.0,0.0,0.55,0.58,0.76,0.74,0.88,0.65,0.54,0.7489888139471806,0.45024520876220275,0.3734471362660534,0.7219822733150079,0.4792130509223485,1.0734531198641994
65,7,L01,Spacing with two-way wings,spread_pnr,pressure,0.45761883062293,0.3642243282162499,0.0,0.0,0.0,0.87,0.72,0.61,0.78,0.58,0.74,0.69,0.8704781672061815,0.38585808291007284,0.37222134278887886,0.4686393831730935,1.1946939592289174,1.1112724440492177
65,8,L08,Low-turnover veteran group,empty_corner,pressure,0.45761883062293,0.3642243282162499,0.0,1.0,0.0,0.69,0.68,0.55,0.69,0.59,0.91,0.52,0.8049334366873194,0.3365125722843779,0.35493891329564303,0.6060398957971465,0.8102405261247126,1.088003190318283
65,9,L09,Small-ball offensive group,spread_pnr,pressure,0.45761883062293,0.3642243282162499,0.0,0.0,0.0,0.91,0.76,0.54,0.48,0.36,0.69,0.79,0.7685549850777211,0.45530313977141257,0.40720113322345,0.3832293310673409,0.8131407860742476,1.0286869750427043
65,10,L06,Balanced playoff-style unit,early_drag,size,0.45761883062293,0.3642243282162499,0.0,0.0,0.0,0.76,0.75,0.66,0.79,0.66,0.78,0.63,0.829032086059123,0.41932299940305023,0.34943279653686865,0.5655158697872772,1.2106666510837394,1.063880146727875
65,11,L05,Bench spacing development group,spread_pnr,zone,0.45761883062293,0.3642243282162499,0.0,0.0,0.0,0.81,0.54,0.49,0.52,0.43,0.58,0.71,0.6879790921575821,0.38856917695306786,0.45565193847730845,0.5014241913978948,0.8726738227596782,0.9739735239673443
65,12,L02,High creation guard unit,post_split,drop,0.45761883062293,0.3642243282162499,0.0,1.0,0.0,0.73,0.88,0.67,0.57,0.47,0.62,0.76,0.7963248264234098,0.43987370747546706,0.45894927866018437,0.5053966507910422,1.4745660076534894,1.0503942598264338
65,13,L10,Player-development evaluation group,empty_corner,switch,0.45761883062293,0.3642243282162499,0.0,0.0,0.0,0.62,0.49,0.58,0.5,0.52,0.54,0.67,0.6379812563546179,0.37096081315513246,0.5887548777814706,0.44552136992647307,0.3416583410324951,0.9384697363023938
65,14,L04,Switch-heavy defensive group,early_drag,pressure,0.45761883062293,0.3642243282162499,0.0,0.0,0.0,0.64,0.61,0.57,0.91,0.68,0.7,0.61,0.6632971346188917,0.3849704771166608,0.3657335821907091,0.621082476753538,0.8254070749097134,1.0126857071272048
65,15,L01,Spacing with two-way wings,switch_hunt,size,0.45761883062293,0.3642243282162499,0.0,0.0,0.0,0.87,0.72,0.61,0.78,0.58,0.74,0.69,0.8520465725060788,0.35307750896491796,0.2887266047052538,0.4217516574576057,1.5368116554597904,1.1264299616649192
65,16,L09,Small-ball offensive group,spread_pnr,drop,0.45761883062293,0.3642243282162499,1.0,0.0,0.0,0.91,0.76,0.54,0.48,0.36,0.69,0.79,0.6889224567430068,0.4842974016606031,0.44312408382886936,0.3893701857903356,0.49156830417812264,0.9586466967344197
65,17,L02,High creation guard unit,spread_pnr,zone,0.45761883062293,0.3642243282162499,1.0,1.0,0.0,0.73,0.88,0.67,0.57,0.47,0.62,0.76,0.5756580484329149,0.559324491132533,0.5218846657128058,0.4227787383204631,0.9348130911281368,0.7805391325624111
65,18,L07,Rim pressure transition group,horns,pace,0.45761883062293,0.3642243282162499,0.0,0.0,0.0,0.6,0.7,0.89,0.6,0.61,0.57,0.83,0.7289405723506597,0.44791223401777097,0.42584054588861303,0.4881525003902163,1.3600269822353317,1.0075273276129073
65,19,L01,Spacing with two-way wings,empty_corner,size,0.45761883062293,0.3642243282162499,0.0,0.0,0.0,0.87,0.72,0.61,0.78,0.58,0.74,0.69,0.6913705248655213,0.3310697662106385,0.5030134271639515,0.5112207071529435,1.35541969032895,1.0147396379020464
65,20,L06,Balanced playoff-style unit,post_split,switch,0.45761883062293,0.3642243282162499,0.0,0.0,0.0,0.76,0.75,0.66,0.79,0.66,0.78,0.63,0.7959714841884751,0.4733923603653483,0.3160933654167706,0.6949115649766003,1.0420808477216073,1.0180786758763667
65,21,L04,Switch-heavy defensive group,switch_hunt,pressure,0.45761883062293,0.3642243282162499,0.0,0.0,0.0,0.64,0.61,0.57,0.91,0.68,0.7,0.61,0.7215115571476612,0.29192972367046155,0.25960513698617643,0.6444443239548474,1.4181455221441026,1.0863816586805302
65,22,L04,Switch-heavy defensive group,empty_corner,pressure,0.45761883062293,0.3642243282162499,1.0,0.0,0.0,0.64,0.61,0.57,0.91,0.68,0.7,0.61,0.4568263197684293,0.4568427263334429,0.2958164921308626,0.6128331220673455,0.14934147428179223,0.9472772264031166
65,23,L08,Low-turnover veteran group,empty_corner,drop,0.45761883062293,0.3642243282162499,0.0,0.0,0.0,0.69,0.68,0.55,0.69,0.59,0.91,0.52,0.6920576032262191,0.27757192113285845,0.4069713686007718,0.5184014820092562,1.323309089030504,1.0294627237923781
65,24,L04,Switch-heavy defensive group,horns,zone,0.45761883062293,0.3642243282162499,0.0,0.0,0.0,0.64,0.61,0.57,0.91,0.68,0.7,0.61,0.6350712313438229,0.4021016057678675,0.2832044773794754,0.6382295879302763,0.6610199633678214,1.1213615544537268
65,25,L01,Spacing with two-way wings,post_split,switch,0.45761883062293,0.3642243282162499,0.0,1.0,0.0,0.87,0.72,0.61,0.78,0.58,0.74,0.69,0.938157900283033,0.3186482959279466,0.33649661569139494,0.5707900207069989,1.1020913733556297,1.1848736651004006
65,26,L07,Rim pressure transition group,empty_corner,switch,0.45761883062293,0.3642243282162499,0.0,1.0,0.0,0.6,0.7,0.89,0.6,0.61,0.57,0.83,0.7921748152953237,0.38085133930663573,0.4244373484139416,0.6601997655992736,1.3493056384647697,1.1084151151154422
65,27,L12,Late-clock creation group,spread_pnr,size,0.45761883062293,0.3642243282162499,0.0,1.0,0.0,0.74,0.91,0.59,0.63,0.51,0.66,0.57,0.8218296113308219,0.36981769128903386,0.38542259660982,0.44836784813488406,1.3014196200414214,1.0268514282126073
65,28,L06,Balanced playoff-style unit,switch_hunt,pace,0.45761883062293,0.3642243282162499,1.0,1.0,0.0,0.76,0.75,0.66,0.79,0.66,0.78,0.63,0.7097077170890882,0.3795509026789762,0.23234608590039046,0.6256784701234167,1.3748180489638933,1.0958037736914255
65,29,L02,High creation guard unit,switch_hunt,size,0.45761883062293,0.3642243282162499,0.0,0.0,0.0,0.73,0.88,0.67,0.57,0.47,0.62,0.76,0.8171518078794981,0.4240751032681326,0.46909675706253723,0.4259114971983548,0.626762285640364,0.9791968837006493
65,30,L06,Balanced playoff-style unit,spread_pnr,size,0.45761883062293,0.3642243282162499,0.0,1.0,0.0,0.76,0.75,0.66,0.79,0.66,0.78,0.63,0.8841306970951777,0.3527125561650388,0.2252901720193528,0.5549582337205281,0.8338484452668361,1.144080475843395
65,31,L05,Bench spacing development group,empty_corner,pace,0.45761883062293,0.3642243282162499,1.0,0.0,0.0,0.81,0.54,0.49,0.52,0.43,0.58,0.71,0.5346572463768712,0.530597357904481,0.483105103867968,0.4180031382253982,0.721017415546008,0.8378930393309657
65,32,L02,High creation guard unit,horns,pace,0.45761883062293,0.3642243282162499,0.0,0.0,0.0,0.73,0.88,0.67,0.57,0.47,0.62,0.76,0.7547986255885757,0.42142272053910296,0.5916430500721289,0.45162852270480414,0.9309831539647008,0.9920137493524633
65,33,L08,Low-turnover veteran group,post_split,drop,0.45761883062293,0.3642243282162499,1.0,0.0,0.0,0.69,0.68,0.55,0.69,0.59,0.91,0.52,0.6061497921600025,0.4272301245237381,0.42074284695152564,0.4781251629361144,1.0601369878284619,0.9221106973810045
65,34,L08,Low-turnover veteran group,post_split,switch,0.45761883062293,0.3642243282162499,1.0,0.0,0.0,0.69,0.68,0.55,0.69,0.59,0.91,0.52,0.4942908219120429,0.42695001585606535,0.4054305299307544,0.5303115237590283,0.8322888965047894,0.8712527029929059
65,35,L12,Late-clock creation group,post_split,size,0.45761883062293,0.3642243282162499,0.0,1.0,0.0,0.74,0.91,0.59,0.63,0.51,0.66,0.57,0.9155650038268627,0.42816739804248855,0.34254449889218247,0.48503476899397036,0.7484419315032447,1.0535019365309093
65,36,L08,Low-turnover veteran group,early_drag,zone,0.45761883062293,0.3642243282162499,0.0,0.0,0.0,0.69,0.68,0.55,0.69,0.59,0.91,0.52,0.7105525144198245,0.25268050055987656,0.4783564623000481,0.6074433722840574,0.8633196993904619,1.0348401557180107
65,37,L08,Low-turnover veteran group,spread_pnr,pressure,0.45761883062293,0.3642243282162499,0.0,0.0,0.0,0.69,0.68,0.55,0.69,0.59,0.91,0.52,0.7571819261607218,0.36221352201956947,0.3770247609100905,0.47421851431341894,1.4976818172184452,1.022785661210611
65,38,L09,Small-ball offensive group,spread_pnr,switch,0.45761883062293,0.3642243282162499,0.0,1.0,0.0,0.91,0.76,0.54,0.48,0.36,0.69,0.79,0.8610252456487757,0.319292035621927,0.5877375605049288,0.48263324664424584,1.4459656972647648,1.1469074459215978
65,39,L08,Low-turnover veteran group,switch_hunt,pressure,0.45761883062293,0.3642243282162499,1.0,1.0,0.0,0.69,0.68,0.55,0.69,0.59,0.91,0.52,0.5680686996987859,0.357941255217568,0.3598182387245364,0.555957002366805,0.8531623806589637,0.9231573497371951
65,40,L07,Rim pressure transition group,empty_corner,pressure,0.45761883062293,0.3642243282162499,0.0,0.0,0.0,0.6,0.7,0.89,0.6,0.61,0.57,0.83,0.7447372151973353,0.4685826206291947,0.4495649566491021,0.43781207162924046,1.108436810670002,0.9914941397909356
65,41,L03,Big frontcourt rebound unit,switch_hunt,size,0.45761883062293,0.3642243282162499,0.0,1.0,0.0,0.55,0.58,0.76,0.74,0.88,0.65,0.54,0.8055449436228227,0.3620869648731259,0.312012995072964,0.7267680833955417,1.2528043535261242,1.075017901476296
65,42,L05,Bench spacing development group,post_split,zone,0.45761883062293,0.3642243282162499,0.0,0.0,0.0,0.81,0.54,0.49,0.52,0.43,0.58,0.71,0.719949191818095,0.4697608437430412,0.47680602278938256,0.4429667065965958,0.8063506852501258,0.9700658546979366
65,43,L10,Player-development evaluation group,horns,drop,0.45761883062293,0.3642243282162499,0.0,1.0,0.0,0.62,0.49,0.58,0.5,0.52,0.54,0.67,0.8803965717348505,0.4738313060980717,0.5041684087410379,0.5354921047493368,0.19635223053757284,1.0440954421062683
65,44,L11,Defensive glass control group,horns,switch,0.45761883062293,0.3642243282162499,1.0,0.0,0.0,0.58,0.57,0.62,0.86,0.92,0.69,0.49,0.46920366654484175,0.4640459062099964,0.2278631735806789,0.8290561510440957,1.3899643008636553,0.9620799261695496
65,45,L12,Late-clock creation group,horns,size,0.45761883062293,0.3642243282162499,0.0,1.0,0.0,0.74,0.91,0.59,0.63,0.51,0.66,0.57,0.8024866321029045,0.34579551623220384,0.3935632024432538,0.5345543918976693,0.797064622839235,1.0547744819995857
65,46,L03,Big frontcourt rebound unit,spread_pnr,size,0.45761883062293,0.3642243282162499,0.0,0.0,0.0,0.55,0.58,0.76,0.74,0.88,0.65,0.54,0.6099243822802488,0.3714070972733192,0.3338087736685919,0.7544797815541018,1.4887131803322107,1.0361107417414301
65,47,L02,High creation guard unit,post_split,drop,0.45761883062293,0.3642243282162499,1.0,1.0,0.0,0.73,0.88,0.67,0.57,0.47,0.62,0.76,0.6550424228078977,0.4856889035837196,0.45706162311790055,0.5409384082419961,0.547648712573575,1.031447015519169
65,48,L12,Late-clock creation group,early_drag,drop,0.45761883062293,0.3642243282162499,1.0,1.0,0.0,0.74,0.91,0.59,0.63,0.51,0.66,0.57,0.7481561790087611,0.5164666571444032,0.4234451073218972,0.441356185371987,1.182301984564249,1.0273402993908491
65,49,L03,Big frontcourt rebound unit,switch_hunt,drop,0.45761883062293,0.3642243282162499,0.0,0.0,0.0,0.55,0.58,0.76,0.74,0.88,0.65,0.54,0.7429593535264692,0.49571348612567845,0.2874486902338379,0.7442402235806728,0.48893620233775775,1.059472324803886
65,50,L03,Big frontcourt rebound unit,horns,switch,0.45761883062293,0.3642243282162499,0.0,0.0,0.0,0.55,0.58,0.76,0.74,0.88,0.65,0.54,0.6947335635846825,0.40445460143552675,0.28774597312436406,0.8123639535525518,1.2315546334052567,1.0419679794917185
65,51,L03,Big frontcourt rebound unit,spread_pnr,switch,0.45761883062293,0.3642243282162499,0.0,1.0,0.0,0.55,0.58,0.76,0.74,0.88,0.65,0.54,0.7977896340282593,0.4393143203254883,0.34942273638094135,0.6944246618693125,1.2752091917342074,1.049073033674078
65,52,L12,Late-clock creation group,horns,size,0.45761883062293,0.3642243282162499,0.0,0.0,0.0,0.74,0.91,0.59,0.63,0.51,0.66,0.57,0.7257882883309901,0.4735225031974092,0.48765124502508483,0.6194686932022458,1.0907056439470397,0.9819208912627325
65,53,L06,Balanced playoff-style unit,spread_pnr,zone,0.45761883062293,0.3642243282162499,0.0,1.0,0.0,0.76,0.75,0.66,0.79,0.66,0.78,0.63,0.9301186283884947,0.39444910065771155,0.305947255128979,0.610583181653516,0.9135204874139171,1.169613169397069
66,0,L06,Balanced playoff-style unit,empty_corner,switch,-0.17847492052916647,0.2885092330134846,0.0,1.0,0.0,0.76,0.75,0.66,0.79,0.66,0.78,0.63,0.852797747611589,0.29297505967759047,0.2952323570278024,0.6501323611822851,0.717233232658427,1.2434052632990689
66,1,L08,Low-turnover veteran group,horns,pace,-0.17847492052916647,0.2885092330134846,0.0,0.0,0.0,0.69,0.68,0.55,0.69,0.59,0.91,0.52,0.8174794760551682,0.28550230814971406,0.40427359126199763,0.6150926485122329,1.2506438902037023,1.0828672994106683
66,2,L06,Balanced playoff-style unit,switch_hunt,pressure,-0.17847492052916647,0.2885092330134846,0.0,1.0,0.0,0.76,0.75,0.66,0.79,0.66,0.78,0.63,0.884334753518518,0.34462176460404265,0.29527848121478883,0.6659814483700727,0.5521601511444905,1.122034268767856
66,3,L02,High creation guard unit,empty_corner,switch,-0.17847492052916647,0.2885092330134846,0.0,1.0,0.0,0.73,0.88,0.67,0.57,0.47,0.62,0.76,0.8983184552006328,0.3195295595281242,0.5562802529505697,0.5644658602941822,0.8410626354317997,1.1195247579266914
66,4,L08,Low-turnover veteran group,empty_corner,zone,-0.17847492052916647,0.2885092330134846,0.0,0.0,0.0,0.69,0.68,0.55,0.69,0.59,0.91,0.52,0.851437220111724,0.29719482873750425,0.31210176043383,0.6269638958108632,1.067142263733955,1.2746432067356421
66,5,L02,High creation guard unit,spread_pnr,switch,-0.17847492052916647,0.2885092330134846,0.0,1.0,0.0,0.73,0.88,0.67,0.57,0.47,0.62,0.76,0.8177248342940063,0.3463441356014944,0.4826529380059899,0.5018190322635274,0.9912976871663498,1.0774049602554983
66,6,L10,Player-development evaluation group,horns,zone,-0.17847492052916647,0.2885092330134846,0.0,0.0,0.0,0.62,0.49,0.58,0.5,0.52,0.54,0.67,0.6150281945142402,0.3974773194356261,0.5026539320663751,0.5170469612821328,1.0950751929884714,0.9682843889359306
66,7,L05,Bench spacing development group,early_drag,pace,-0.17847492052916647,0.2885092330134846,0.0,0.0,0.0,0.81,0.54,0.49,0.52,0.43,0.58,0.71,0.5996718911921446,0.4776813821241885,0.4503548263503559,0.4034706533878892,0.937664160530586,0.8956497973689153
66,8,L10,Player-development evaluation group,switch_hunt,drop,-0.17847492052916647,0.2885092330134846,0.0,0.0,0.0,0.62,0.49,0.58,0.5,0.52,0.54,0.67,0.676739233959083,0.540145487197011,0.5339122675891017,0.5685091096083474,0.9639990304092759,0.8296823424909708
66,9,L06,Balanced playoff-style unit,early_drag,drop,-0.17847492052916647,0.2885092330134846,1.0,1.0,0.0,0.76,0.75,0.66,0.79,0.66,0.78,0.63,0.6156017206031414,0.47548504202351294,0.3905548533246316,0.578391655384179,1.0038764255203718,0.8885046988293527
66,10,L06,Balanced playoff-style unit,switch_hunt,size,-0.17847492052916647,0.2885092330134846,0.0,1.0,0.0,0.76,0.75,0.66,0.79,0.66,0.78,0.63,0.8493058357131661,0.32885496540662346,0.2959061443996446,0.4079964331686202,0.8400683697397738,1.1530057333900352
66,11,L01,Spacing with two-way wings,horns,pace,-0.17847492052916647,0.2885092330134846,0.0,0.0,0.0,0.87,0.72,0.61,0.78,0.58,0.74,0.69,0.7653687604631154,0.3015736623520693,0.25453791402893416,0.5145565703292125,0.6087640207816807,1.1483567586316428
66,12,L10,Player-development evaluation group,spread_pnr,pressure,-0.17847492052916647,0.2885092330134846,0.0,0.0,0.0,0.62,0.49,0.58,0.5,0.52,0.54,0.67,0.6176611403720454,0.43719415618352464,0.47534806849474454,0.6248966122123987,0.19365240170927944,0.9462004971692654
66,13,L07,Rim pressure transition group,post_split,switch,-0.17847492052916647,0.2885092330134846,0.0,0.0,0.0,0.6,0.7,0.89,0.6,0.61,0.57,0.83,0.7270090094565543,0.40541593216370275,0.3903834669500769,0.6305835998368026,0.4544974575728399,1.0584548924065698
66,14,L01,Spacing with two-way wings,horns,drop,-0.17847492052916647,0.2885092330134846,1.0,1.0,0.0,0.87,0.72,0.61,0.78,0.58,0.74,0.69,0.6834621564684501,0.3908150291109566,0.3511802277887962,0.5495826158828934,0.251795775187769,1.035718714431048
66,15,L06,Balanced playoff-style unit,early_drag,size,-0.17847492052916647,0.2885092330134846,0.0,1.0,0.0,0.76,0.75,0.66,0.79,0.66,0.78,0.63,0.8989316398294125,0.2869435080913061,0.26259377311554377,0.6876101490954354,1.2187111681224534,1.2809966082298716
66,16,L02,High creation guard unit,switch_hunt,switch,-0.17847492052916647,0.2885092330134846,1.0,1.0,0.0,0.73,0.88,0.67,0.57,0.47,0.62,0.76,0.7274330514225368,0.506306415583275,0.4288030920255116,0.47760382690363545,0.8773085468784362,0.8794422278735821
66,17,L09,Small-ball offensive group,post_split,drop,-0.17847492052916647,0.2885092330134846,0.0,0.0,0.0,0.91,0.76,0.54,0.48,0.36,0.69,0.79,0.7715149389553206,0.42267162890788695,0.5617137956582117,0.4475886001975341,0.9979981585545884,1.0079928007748773
66,18,L10,Player-development evaluation group,post_split,pace,-0.17847492052916647,0.2885092330134846,0.0,0.0,0.0,0.62,0.49,0.58,0.5,0.52,0.54,0.67,0.6892343419080489,0.4154463863642814,0.5120696058969834,0.521462349490957,0.4531595766410931,0.9597522091414564
66,19,L06,Balanced playoff-style unit,horns,size,-0.17847492052916647,0.2885092330134846,0.0,0.0,0.0,0.76,0.75,0.66,0.79,0.66,0.78,0.63,0.7770561668718059,0.28106690884031166,0.25552626909891263,0.6678840705128952,0.9835567083700277,1.1574282394699258
66,20,L02,High creation guard unit,post_split,zone,-0.17847492052916647,0.2885092330134846,1.0,0.0,0.0,0.73,0.88,0.67,0.57,0.47,0.62,0.76,0.6017481970136546,0.43944043056779075,0.5173286747265683,0.5752843274705626,0.3801977794490835,0.9455358659545163
66,21,L12,Late-clock creation group,horns,switch,-0.17847492052916647,0.2885092330134846,0.0,0.0,0.0,0.74,0.91,0.59,0.63,0.51,0.66,0.57,0.8307892745507018,0.37013897644182997,0.4206213929778043,0.5300373426507948,1.460552478202525,1.0395641304610177
66,22,L09,Small-ball offensive group,post_split,drop,-0.17847492052916647,0.2885092330134846,0.0,0.0,0.0,0.91,0.76,0.54,0.48,0.36,0.69,0.79,0.8652200519717987,0.41123386084322205,0.5689945643133738,0.4448289969005587,0.5367357173680819,1.0645367721972032
66,23,L10,Player-development evaluation group,empty_corner,pace,-0.17847492052916647,0.2885092330134846,0.0,1.0,0.0,0.62,0.49,0.58,0.5,0.52,0.54,0.67,0.8274110785943692,0.3666042995659915,0.35885281624678134,0.4953975552089184,1.4779152306270742,1.1074355273139551
66,24,L04,Switch-heavy defensive group,post_split,zone,-0.17847492052916647,0.2885092330134846,0.0,0.0,0.0,0.64,0.61,0.57,0.91,0.68,0.7,0.61,0.6201735990060097,0.44022427865980507,0.3794049007959676,0.6281050139050229,0.33989135587483427,0.9314365202626462
66,25,L05,Bench spacing development group,post_split,drop,-0.17847492052916647,0.2885092330134846,1.0,1.0,0.0,0.81,0.54,0.49,0.52,0.43,0.58,0.71,0.572998462110073,0.5414320072666245,0.4632226352219557,0.5388915820706991,0.7470003817679465,0.7911538468409537
66,26,L04,Switch-heavy defensive group,switch_hunt,switch,-0.17847492052916647,0.2885092330134846,1.0,0.0,0.0,0.64,0.61,0.57,0.91,0.68,0.7,0.61,0.5468078579618866,0.498856255900605,0.25332323984859123,0.6198162321496261,0.7575033417619743,0.8516541785650852
66,27,L01,Spacing with two-way wings,switch_hunt,switch,-0.17847492052916647,0.2885092330134846,0.0,0.0,0.0,0.87,0.72,0.61,0.78,0.58,0.74,0.69,0.8129793083430733,0.28204257756942674,0.3166806200705509,0.6003011860839094,1.038046014753053,1.105850454388355
66,28,L06,Balanced playoff-style unit,post_split,switch,-0.17847492052916647,0.2885092330134846,0.0,1.0,0.0,0.76,0.75,0.66,0.79,0.66,0.78,0.63,0.8410695090229213,0.2941026865397899,0.34020782949782014,0.7345331795876083,0.6992461124847847,1.1551147444389671
66,29,L07,Rim pressure transition group,spread_pnr,switch,-0.17847492052916647,0.2885092330134846,1.0,0.0,0.0,0.6,0.7,0.89,0.6,0.61,0.57,0.83,0.7051810401038099,0.5088066197282657,0.474638591678438,0.6112889209918585,1.0907637373759944,0.8813736329271789
66,30,L02,High creation guard unit,spread_pnr,pressure,-0.17847492052916647,0.2885092330134846,0.0,0.0,0.0,0.73,0.88,0.67,0.57,0.47,0.62,0.76,0.7899356857111531,0.4370935843397422,0.4716472859033,0.46864043824064017,1.1606633426043753,1.014965055210513
66,31,L01,Spacing with two-way wings,empty_corner,drop,-0.17847492052916647,0.2885092330134846,0.0,0.0,0.0,0.87,0.72,0.61,0.78,0.58,0.74,0.69,0.7910245387861319,0.26229704062947834,0.3513419614029286,0.5672576239587784,1.467567913268995,1.1421642016908424
66,32,L07,Rim pressure transition group,spread_pnr,switch,-0.17847492052916647,0.2885092330134846,1.0,1.0,0.0,0.6,0.7,0.89,0.6,0.61,0.57,0.83,0.7082663047101908,0.485633190929947,0.42191196644850143,0.6340420217995771,0.900650537432578,0.9443098198773293
66,33,L10,Player-development evaluation group,horns,zone,-0.17847492052916647,0.2885092330134846,0.0,1.0,0.0,0.62,0.49,0.58,0.5,0.52,0.54,0.67,0.7707086331560015,0.37612663154331727,0.5390944353605998,0.44008397093821466,0.5927520656865212,1.033588576784039
66,34,L04,Switch-heavy defensive group,empty_corner,pace,-0.17847492052916647,0.2885092330134846,0.0,0.0,0.0,0.64,0.61,0.57,0.91,0.68,0.7,0.61,0.645261400442526,0.368475558490482,0.3387009778558467,0.6827159102901635,1.3473037813933098,1.114024305854883
66,35,L03,Big frontcourt rebound unit,empty_corner,zone,-0.17847492052916647,0.2885092330134846,0.0,0.0,0.0,0.55,0.58,0.76,0.74,0.88,0.65,0.54,0.7777776448109944,0.3241188247313456,0.3641402298620218,0.791810422195401,1.3155436614510045,1.099775525026153
66,36,L12,Late-clock creation group,horns,switch,-0.17847492052916647,0.2885092330134846,0.0,0.0,0.0,0.74,0.91,0.59,0.63,0.51,0.66,0.57,0.8128876331323407,0.3448671300335219,0.4051803763835568,0.43264547784738006,1.1166144157249722,1.0438296577303376
66,37,L08,Low-turnover veteran group,switch_hunt,drop,-0.17847492052916647,0.2885092330134846,0.0,0.0,0.0,0.69,0.68,0.55,0.69,0.59,0.91,0.52,0.746597903435289,0.27466958278988135,0.3906442389303459,0.6034118068108867,1.0899527357368937,1.0834723874294665
66,38,L09,Small-ball offensive group,switch_hunt,drop,-0.17847492052916647,0.2885092330134846,1.0,0.0,0.0,0.91,0.76,0.54,0.48,0.36,0.69,0.79,0.7541837296739373,0.40372035902054393,0.4959330083861943,0.5549943763086709,0.9604273870258888,1.0566189797943177
66,39,L06,Balanced playoff-style unit,spread_pnr,zone,-0.17847492052916647,0.2885092330134846,0.0,0.0,0.0,0.76,0.75,0.66,0.79,0.66,0.78,0.63,0.7995053534436428,0.23272061608587605,0.3505553970637286,0.6037132900010742,1.6002765680837017,1.1721995816573978
66,40,L07,Rim pressure transition group,post_split,switch,-0.17847492052916647,0.2885092330134846,0.0,0.0,0.0,0.6,0.7,0.89,0.6,0.61,0.57,0.83,0.7697055007495268,0.333834881127581,0.5585556786631933,0.7000784123122992,1.1281424434135263,1.0563307250397154
66,41,L04,Switch-heavy defensive group,empty_corner,pressure,-0.17847492052916647,0.2885092330134846,0.0,1.0,0.0,0.64,0.61,0.57,0.91,0.68,0.7,0.61,0.7773834056839779,0.3262133867741269,0.31944520269573656,0.6782013524901971,1.2783163989155837,1.1258255829638182
66,42,L02,High creation guard unit,empty_corner,switch,-0.17847492052916647,0.2885092330134846,0.0,0.0,0.0,0.73,0.88,0.67,0.57,0.47,0.62,0.76,0.8186547312435433,0.41493244920301114,0.5147354506921273,0.5381661594431528,1.0948512655398588,1.0511043610452886
66,43,L10,Player-development evaluation group,spread_pnr,size,-0.17847492052916647,0.2885092330134846,0.0,1.0,0.0,0.62,0.49,0.58,0.5,0.52,0.54,0.67,0.6644323553419532,0.3774352697596893,0.4543632912843163,0.5706433856571704,0.9553631408434383,1.0072489923819665
66,44,L10,Player-development evaluation group,early_drag,size,-0.17847492052916647,0.2885092330134846,0.0,0.0,0.0,0.62,0.49,0.58,0.5,0.52,0.54,0.67,0.6615465134053711,0.38952805581618605,0.5966185531853381,0.4779653576984285,0.62449964126514,0.9770386732782392
66,45,L09,Small-ball offensive group,spread_pnr,drop,-0.17847492052916647,0.2885092330134846,0.0,0.0,0.0,0.91,0.76,0.54,0.48,0.36,0.69,0.79,0.8469670600272566,0.3585039511839307,0.5615857543746741,0.525624251638155,0.38464924659376,1.0797065066481877
66,46,L09,Small-ball offensive group,early_drag,zone,-0.17847492052916647,0.2885092330134846,0.0,0.0,0.0,0.91,0.76,0.54,0.48,0.36,0.69,0.79,0.7913871749173174,0.27979004127750634,0.566205065460417,0.3759872918218495,1.3295054428789346,1.076884391164276
66,47,L07,Rim pressure transition group,switch_hunt,switch,-0.17847492052916647,0.2885092330134846,0.0,1.0,0.0,0.6,0.7,0.89,0.6,0.61,0.57,0.83,0.7332768685218429,0.34559419615245196,0.4151476733288804,0.763720205474756,1.0224401558457175,1.0615729930332058
66,48,L06,Balanced playoff-style unit,post_split,drop,-0.17847492052916647,0.2885092330134846,0.0,0.0,0.0,0.76,0.75,0.66,0.79,0.66,0.78,0.63,0.731614495028818,0.42526476905012256,0.3547614016435453,0.726679428047644,0.5520564474699452,1.0702523542894649
66,49,L11,Defensive glass control group,early_drag,switch,-0.17847492052916647,0.2885092330134846,0.0,0.0,0.0,0.58,0.57,0.62,0.86,0.92,0.69,0.49,0.6228140329843189,0.38134282715764667,0.28340656593077374,0.8864201155875681,1.3262890060984016,1.0545052605317933
66,50,L05,Bench spacing development group,empty_corner,pace,-0.17847492052916647,0.2885092330134846,0.0,0.0,0.0,0.81,0.54,0.49,0.52,0.43,0.58,0.71,0.594942803194232,0.3401032984971576,0.5966708988201601,0.5390762666673292,1.1215070614564226,1.0003581481154507
66,51,L11,Defensive glass control group,horns,switch,-0.17847492052916647,0.2885092330134846,0.0,0.0,0.0,0.58,0.57,0.62,0.86,0.92,0.69,0.49,0.7904680312268124,0.39096807905876,0.2689271322042613,0.8493597586996957,1.3505166133498847,1.1010251451380333
66,52,L12,Late-clock creation group,early_drag,switch,-0.17847492052916647,0.2885092330134846,0.0,1.0,0.0,0.74,0.91,0.59,0.63,0.51,0.66,0.57,0.7848730163151401,0.24547706557012064,0.45797407848305055,0.5271236806513828,1.2399751339743432,1.0686966524460344
66,53,L06,Balanced playoff-style unit,early_drag,pace,-0.17847492052916647,0.2885092330134846,0.0,0.0,0.0,0.76,0.75,0.66,0.79,0.66,0.78,0.63,0.8030243941835525,0.29563468195600695,0.3252395606024784,0.6998692639520995,1.3708923261471861,1.1418916680477054
67,0,L01,Spacing with two-way wings,horns,zone,-0.6256196176329102,0.2386840320701466,0.0,0.0,1.0,0.87,0.72,0.61,0.78,0.58,0.74,0.69,0.7937577909848955,0.33318465524613006,0.31029635484563717,0.6470847426278745,0.8802173636169136,1.1461892086966767
67,1,L06,Balanced playoff-style unit,horns,zone,-0.6256196176329102,0.2386840320701466,0.0,0.0,0.0,0.76,0.75,0.66,0.79,0.66,0.78,0.63,0.7444657057513104,0.21260235553516535,0.3850062503779118,0.5660911225501634,1.0791322931351646,1.1606949634604806
67,2,L06,Balanced playoff-style unit,switch_hunt,switch,-0.6256196176329102,0.2386840320701466,1.0,0.0,0.0,0.76,0.75,0.66,0.79,0.66,0.78,0.63,0.6874744421775523,0.4674792598909764,0.46597379077447454,0.6865527812721162,1.091266904538898,0.8450264365619973
67,3,L06,Balanced playoff-style unit,switch_hunt,zone,-0.6256196176329102,0.2386840320701466,0.0,0.0,0.0,0.76,0.75,0.66,0.79,0.66,0.78,0.63,0.6803105129184244,0.32538494058632667,0.2989684082883942,0.6099618720845313,1.343531308258139,1.0744076713859214
67,4,L06,Balanced playoff-style unit,horns,pressure,-0.6256196176329102,0.2386840320701466,0.0,0.0,0.0,0.76,0.75,0.66,0.79,0.66,0.78,0.63,0.7316146921307889,0.20774030625584886,0.463426432680468,0.8358363991112484,1.621961288090008,1.1742404439305734
67,5,L09,Small-ball offensive group,post_split,zone,-0.6256196176329102,0.2386840320701466,1.0,0.0,0.0,0.91,0.76,0.54,0.48,0.36,0.69,0.79,0.7307135136974514,0.4312850658347071,0.4547012732086861,0.5642343943282074,0.7895270598115921,1.0170322380777828
67,6,L07,Rim pressure transition group,spread_pnr,drop,-0.6256196176329102,0.2386840320701466,0.0,0.0,0.0,0.6,0.7,0.89,0.6,0.61,0.57,0.83,0.8240662125075249,0.362990439754723,0.41401206893506226,0.756777152544909,1.455098019541789,1.1746740301210177
67,7,L08,Low-turnover veteran group,early_drag,switch,-0.6256196176329102,0.2386840320701466,0.0,0.0,0.0,0.69,0.68,0.55,0.69,0.59,0.91,0.52,0.6846866957967558,0.27399171952971885,0.29472735011682943,0.7122614509907325,0.6807476203122603,1.0880648249604463
67,8,L12,Late-clock creation group,switch_hunt,drop,-0.6256196176329102,0.2386840320701466,1.0,1.0,0.0,0.74,0.91,0.59,0.63,0.51,0.66,0.57,0.7107473596514421,0.4647038400720692,0.4137819761230827,0.6709766431548254,0.6989580628210895,0.9036674921334723
67,9,L07,Rim pressure transition group,horns,zone,-0.6256196176329102,0.2386840320701466,0.0,1.0,0.0,0.6,0.7,0.89,0.6,0.61,0.57,0.83,0.7261997943954188,0.35078659450226335,0.3286922238547376,0.6415319289034166,0.8243919812833282,1.09753628413921
67,10,L01,Spacing with two-way wings,horns,pace,-0.6256196176329102,0.2386840320701466,0.0,1.0,0.0,0.87,0.72,0.61,0.78,0.58,0.74,0.69,0.8099457343088816,0.36800492072800217,0.3792850872044411,0.5567470301459895,0.7780165998657225,1.1093459965604902
67,11,L07,Rim pressure transition group,horns,zone,-0.6256196176329102,0.2386840320701466,1.0,0.0,0.0,0.6,0.7,0.89,0.6,0.61,0.57,0.83,0.6959882803748492,0.43649176779107557,0.3868556116282659,0.7596532464626278,0.650447461738345,0.9477517774143329
67,12,L10,Player-development evaluation group,early_drag,pace,-0.6256196176329102,0.2386840320701466,0.0,0.0,0.0,0.62,0.49,0.58,0.5,0.52,0.54,0.67,0.6309741003653554,0.3995516118421532,0.4188729400391818,0.6964700425616852,0.6279425995569824,0.9810770366358283
67,13,L09,Small-ball offensive group,spread_pnr,size,-0.6256196176329102,0.2386840320701466,0.0,0.0,0.0,0.91,0.76,0.54,0.48,0.36,0.69,0.79,0.7396541047065552,0.34186196357485055,0.4648462154437822,0.45640099587598254,1.233758459748562,1.0732197578644969
67,14,L04,Switch-heavy defensive group,empty_corner,pace,-0.6256196176329102,0.2386840320701466,0.0,0.0,1.0,0.64,0.61,0.57,0.91,0.68,0.7,0.61,0.8161389011247574,0.3240222402588563,0.2962835919353854,0.7051692682766775,1.2280081536171128,1.1596209565958988
67,15,L03,Big frontcourt rebound unit,early_drag,zone,-0.6256196176329102,0.2386840320701466,0.0,1.0,0.0,0.55,0.58,0.76,0.74,0.88,0.65,0.54,0.655686789479105,0.4448864874911651,0.3313459948750774,0.8550090398279868,1.3344710964408766,0.9892219531181178
67,16,L08,Low-turnover veteran group,early_drag,size,-0.6256196176329102,0.2386840320701466,0.0,1.0,0.0,0.69,0.68,0.55,0.69,0.59,0.91,0.52,0.7604242422778853,0.23248125118179574,0.4437181995035574,0.6386676673170193,1.3309438416898351,1.1534837784306418
67,17,L05,Bench spacing development group,switch_hunt,pace,-0.6256196176329102,0.2386840320701466,1.0,1.0,0.0,0.81,0.54,0.49,0.52,0.43,0.58,0.71,0.6409345760112143,0.4762925231977256,0.4991509613478632,0.6743517884563812,0.7984799043390364,0.8439125439725327
67,18,L01,Spacing with two-way wings,early_drag,pressure,-0.6256196176329102,0.2386840320701466,0.0,0.0,0.0,0.87,0.72,0.61,0.78,0.58,0.74,0.69,0.8168366107249458,0.3171647067368375,0.3567594010564246,0.6071505549724895,1.2473866596395131,1.1646897297027157
67,19,L05,Bench spacing development group,switch_hunt,size,-0.6256196176329102,0.2386840320701466,1.0,0.0,0.0,0.81,0.54,0.49,0.52,0.43,0.58,0.71,0.5975318221434065,0.4954725709454035,0.38976915257113265,0.619284166709639,0.78367394663622,0.7740766560698521
67,20,L09,Small-ball offensive group,switch_hunt,pace,-0.6256196176329102,0.2386840320701466,0.0,0.0,0.0,0.91,0.76,0.54,0.48,0.36,0.69,0.79,0.8187096339947,0.23877739426191147,0.6125145914529819,0.5379002833078146,0.28820450367172895,1.1187348875990033
67,21,L08,Low-turnover veteran group,spread_pnr,zone,-0.6256196176329102,0.2386840320701466,0.0,1.0,0.0,0.69,0.68,0.55,0.69,0.59,0.91,0.52,0.7870658251446674,0.332193114757346,0.39540483050059044,0.5341211185157633,1.204980352914394,1.1561883176880008
67,22,L04,Switch-heavy defensive group,spread_pnr,zone,-0.6256196176329102,0.2386840320701466,1.0,0.0,0.0,0.64,0.61,0.57,0.91,0.68,0.7,0.61,0.5636832249621644,0.4700600802599459,0.18210314846126147,0.7464326632452783,1.1443071703845629,1.0168842874374533
67,23,L05,Bench spacing development group,switch_hunt,pressure,-0.6256196176329102,0.2386840320701466,0.0,0.0,0.0,0.81,0.54,0.49,0.52,0.43,0.58,0.71,0.7082153206740923,0.4100340960630316,0.5410261223030781,0.5071429435222476,0.5969713955313678,1.0101996702587228
67,24,L09,Small-ball offensive group,horns,size,-0.6256196176329102,0.2386840320701466,1.0,0.0,0.0,0.91,0.76,0.54,0.48,0.36,0.69,0.79,0.7364166181976697,0.3986038506910894,0.5044814003347029,0.5164070573720135,0.7327206235182708,1.0414014533718148
67,25,L01,Spacing with two-way wings,early_drag,size,-0.6256196176329102,0.2386840320701466,1.0,0.0,1.0,0.87,0.72,0.61,0.78,0.58,0.74,0.69,0.654547669724578,0.34127975495510987,0.3533538798419698,0.5836230101587251,0.8297648200541153,1.0436579235287184
67,26,L04,Switch-heavy defensive group,early_drag,drop,-0.6256196176329102,0.2386840320701466,0.0,1.0,0.0,0.64,0.61,0.57,0.91,0.68,0.7,0.61,0.8200864825065616,0.3299810699393409,0.22371208983834934,0.7247667809956654,0.9903945833776281,1.1833862810878522
67,27,L04,Switch-heavy defensive group,spread_pnr,pressure,-0.6256196176329102,0.2386840320701466,0.0,1.0,0.0,0.64,0.61,0.57,0.91,0.68,0.7,0.61,0.7571465256339542,0.29223401794134196,0.2543732841324512,0.7392021589696391,1.0150902395923338,1.1355738809515137
67,28,L08,Low-turnover veteran group,post_split,pace,-0.6256196176329102,0.2386840320701466,0.0,0.0,0.0,0.69,0.68,0.55,0.69,0.59,0.91,0.52,0.5908142954641895,0.27634849448999677,0.33509627229949424,0.6827051681287465,0.9663280547907424,0.9582503741555121
67,29,L10,Player-development evaluation group,horns,zone,-0.6256196176329102,0.2386840320701466,0.0,0.0,1.0,0.62,0.49,0.58,0.5,0.52,0.54,0.67,0.5848707369055297,0.3437873377029379,0.38205252714520505,0.5903111444605574,0.7582501853100482,0.9584298851332302
67,30,L06,Balanced playoff-style unit,post_split,pace,-0.6256196176329102,0.2386840320701466,1.0,0.0,0.0,0.76,0.75,0.66,0.79,0.66,0.78,0.63,0.6718476336805466,0.4639459324992844,0.27728642253242886,0.8142777053263471,0.7747995690532952,1.0244363716914777
67,31,L03,Big frontcourt rebound unit,post_split,switch,-0.6256196176329102,0.2386840320701466,1.0,0.0,1.0,0.55,0.58,0.76,0.74,0.88,0.65,0.54,0.6119411729777863,0.41647712020556626,0.3108562693657921,0.9727016023165813,0.5822285358675986,1.059708746243192
67,32,L08,Low-turnover veteran group,horns,zone,-0.6256196176329102,0.2386840320701466,0.0,0.0,0.0,0.69,0.68,0.55,0.69,0.59,0.91,0.52,0.7364669011106546,0.24498174929897376,0.48411557104903075,0.7166370224810504,1.0536168418727279,1.1096327201672997
67,33,L02,High creation guard unit,early_drag,switch,-0.6256196176329102,0.2386840320701466,0.0,0.0,0.0,0.73,0.88,0.67,0.57,0.47,0.62,0.76,0.8395235989040996,0.29160571932589413,0.46954691384265906,0.5346175660940131,1.1524526888577875,1.191931396513977
67,34,L03,Big frontcourt rebound unit,switch_hunt,pace,-0.6256196176329102,0.2386840320701466,0.0,1.0,0.0,0.55,0.58,0.76,0.74,0.88,0.65,0.54,0.6850564092717348,0.3557313697779603,0.29298622756730863,0.9159017063831375,1.4717765553059816,1.0581774125176244
67,35,L06,Balanced playoff-style unit,spread_pnr,pressure,-0.6256196176329102,0.2386840320701466,0.0,0.0,0.0,0.76,0.75,0.66,0.79,0.66,0.78,0.63,0.8544991339378,0.3015951277008833,0.28897588867151763,0.7349820973873914,1.2061969894020528,1.331154656924407
67,36,L03,Big frontcourt rebound unit,switch_hunt,size,-0.6256196176329102,0.2386840320701466,1.0,1.0,0.0,0.55,0.58,0.76,0.74,0.88,0.65,0.54,0.5966056114946973,0.4075606333279888,0.23012899340837512,0.9291529687962103,1.1593687443561864,1.047845417833101
67,37,L05,Bench spacing development group,spread_pnr,switch,-0.6256196176329102,0.2386840320701466,0.0,1.0,0.0,0.81,0.54,0.49,0.52,0.43,0.58,0.71,0.7571537582704577,0.3510691092111357,0.5044008642881398,0.47108794033878315,1.0606915096728342,1.0990096990520248
67,38,L03,Big frontcourt rebound unit,switch_hunt,pace,-0.6256196176329102,0.2386840320701466,0.0,0.0,0.0,0.55,0.58,0.76,0.74,0.88,0.65,0.54,0.6593646538493466,0.3458701659495367,0.3315832318443779,0.8428893699280641,0.8537078322626471,1.0470013630795345
67,39,L02,High creation guard unit,post_split,pressure,-0.6256196176329102,0.2386840320701466,0.0,1.0,1.0,0.73,0.88,0.67,0.57,0.47,0.62,0.76,0.95,0.3389137105786491,0.46194356792573293,0.4741109878167933,1.5501064687570347,1.114073192827521
67,40,L03,Big frontcourt rebound unit,switch_hunt,drop,-0.6256196176329102,0.2386840320701466,0.0,0.0,0.0,0.55,0.58,0.76,0.74,0.88,0.65,0.54,0.674321813503343,0.41445477766749156,0.32675429595303457,0.9269624484205171,1.446896677192735,1.054888595353902
67,41,L05,Bench spacing development group,early_drag,size,-0.6256196176329102,0.2386840320701466,1.0,1.0,0.0,0.81,0.54,0.49,0.52,0.43,0.58,0.71,0.6885469487935081,0.4192121068330157,0.558466854411565,0.5794145448243047,1.2504404287331148,0.9934727030201959
67,42,L09,Small-ball offensive group,spread_pnr,zone,-0.6256196176329102,0.2386840320701466,0.0,0.0,0.0,0.91,0.76,0.54,0.48,0.36,0.69,0.79,0.854159293241102,0.3390204134838378,0.5524679364001546,0.5165784066013539,1.4816295375732906,1.1390968675409736
67,43,L02,High creation guard unit,early_drag,size,-0.6256196176329102,0.2386840320701466,0.0,0.0,0.0,0.73,0.88,0.67,0.57,0.47,0.62,0.76,0.7085888294285376,0.32964309521770496,0.4891949231477657,0.6596591107319941,0.808082460970242,1.0651647785004428
67,44,L12,Late-clock creation group,horns,switch,-0.6256196176329102,0.2386840320701466,0.0,0.0,1.0,0.74,0.91,0.59,0.63,0.51,0.66,0.57,0.7568529495349366,0.30694794227968136,0.3934350766049445,0.6950410048146654,1.2722515831473817,1.0865224132105302
67,45,L04,Switch-heavy defensive group,spread_pnr,zone,-0.6256196176329102,0.2386840320701466,0.0,0.0,0.0,0.64,0.61,0.57,0.91,0.68,0.7,0.61,0.7407089421399303,0.15970270081782045,0.35271426996976696,0.6799332648634454,1.039486651770576,1.14684077316299
67,46,L01,Spacing with two-way wings,early_drag,switch,-0.6256196176329102,0.2386840320701466,0.0,0.0,0.0,0.87,0.72,0.61,0.78,0.58,0.74,0.69,0.8289063368868869,0.3659401699872512,0.4314001197884353,0.7545194705436155,1.1654400879111102,1.1056100172417735
67,47,L03,Big frontcourt rebound unit,spread_pnr,drop,-0.6256196176329102,0.2386840320701466,1.0,0.0,1.0,0.55,0.58,0.76,0.74,0.88,0.65,0.54,0.5678076504430676,0.3692527002102698,0.31856409634142213,0.8800443644659548,1.0646209510392861,1.092958573272954
67,48,L06,Balanced playoff-style unit,horns,size,-0.6256196176329102,0.2386840320701466,0.0,0.0,0.0,0.76,0.75,0.66,0.79,0.66,0.78,0.63,0.7813142063741557,0.31185140208295875,0.2746520108378834,0.6460657995576208,1.1047346706160364,1.2066700079449588
67,49,L10,Player-development evaluation group,empty_corner,zone,-0.6256196176329102,0.2386840320701466,0.0,0.0,0.0,0.62,0.49,0.58,0.5,0.52,0.54,0.67,0.5996998632154524,0.4285320413764134,0.43813033802767143,0.5922691903926937,1.0849117531040926,0.960450636974986
67,50,L08,Low-turnover veteran group,early_drag,size,-0.6256196176329102,0.2386840320701466,1.0,1.0,0.0,0.69,0.68,0.55,0.69,0.59,0.91,0.52,0.46108899817761295,0.40364306299859015,0.401257820120875,0.7641604417656721,1.6419906516973444,0.8656905299532586
67,51,L05,Bench spacing development group,post_split,pressure,-0.6256196176329102,0.2386840320701466,1.0,0.0,0.0,0.81,0.54,0.49,0.52,0.43,0.58,0.71,0.6743478365105307,0.5015199930121195,0.3831038447349545,0.47475280199925074,1.1142918100501267,0.9030027002462497
67,52,L10,Player-development evaluation group,spread_pnr,drop,-0.6256196176329102,0.2386840320701466,0.0,0.0,0.0,0.62,0.49,0.58,0.5,0.52,0.54,0.67,0.6553703907344367,0.43016484278158257,0.4386143914835392,0.48524284407333745,0.006940300995502086,0.9531993222550774
67,53,L05,Bench spacing development group,switch_hunt,drop,-0.6256196176329102,0.2386840320701466,0.0,0.0,0.0,0.81,0.54,0.49,0.52,0.43,0.58,0.71,0.796362440062473,0.38075531138618596,0.4906884882142281,0.5538663825994004,0.9393083689871595,1.1200020894914882
68,0,L12,Late-clock creation group,empty_corner,pace,-0.864616478625772,0.46562703941975964,1.0,1.0,0.0,0.74,0.91,0.59,0.63,0.51,0.66,0.57,0.6914953185420675,0.39484253565619026,0.49613508194081435,0.6526617379508375,1.2522117247403208,0.9723802527241457
68,1,L01,Spacing with two-way wings,switch_hunt,switch,-0.864616478625772,0.46562703941975964,0.0,1.0,0.0,0.87,0.72,0.61,0.78,0.58,0.74,0.69,0.8689971899207777,0.31291575085778667,0.46216697056077943,0.6521563651972984,1.2040443947394919,1.1469316222353667
68,2,L01,Spacing with two-way wings,horns,switch,-0.864616478625772,0.46562703941975964,0.0,1.0,1.0,0.87,0.72,0.61,0.78,0.58,0.74,0.69,0.9049342915372514,0.35243596726737647,0.4220602007111882,0.6402083802189349,1.0484464021297644,1.128288902470315
68,3,L01,Spacing with two-way wings,switch_hunt,pressure,-0.864616478625772,0.46562703941975964,0.0,0.0,0.0,0.87,0.72,0.61,0.78,0.58,0.74,0.69,0.8397580576882427,0.43730049400824644,0.24745425587270545,0.6503970882815054,1.1744616607390754,1.0700331493701067
68,4,L05,Bench spacing development group,spread_pnr,drop,-0.864616478625772,0.46562703941975964,0.0,1.0,1.0,0.81,0.54,0.49,0.52,0.43,0.58,0.71,0.7218879496139513,0.36153775472249594,0.46679526385076797,0.6077791205075596,0.9949451288949129,1.043477146198036
68,5,L11,Defensive glass control group,spread_pnr,switch,-0.864616478625772,0.46562703941975964,0.0,0.0,0.0,0.58,0.57,0.62,0.86,0.92,0.69,0.49,0.7159867670264315,0.4296774639224633,0.21884703164465064,0.98,1.3056116946696326,1.0713430493070173
68,6,L01,Spacing with two-way wings,early_drag,drop,-0.864616478625772,0.46562703941975964,0.0,1.0,0.0,0.87,0.72,0.61,0.78,0.58,0.74,0.69,0.8681611024336355,0.3672251771203187,0.380371253696622,0.7177210295422521,0.9168580259862754,1.151389919312323
68,7,L11,Defensive glass control group,early_drag,pressure,-0.864616478625772,0.46562703941975964,0.0,0.0,0.0,0.58,0.57,0.62,0.86,0.92,0.69,0.49,0.7147476522331462,0.374547557878632,0.2555790814935709,0.98,1.3532108485999266,1.0958049963484306
68,8,L06,Balanced playoff-style unit,horns,pace,-0.864616478625772,0.46562703941975964,0.0,0.0,0.0,0.76,0.75,0.66,0.79,0.66,0.78,0.63,0.7961509302213231,0.2515289793902107,0.318668935872949,0.7222013189479622,2.0889356746493015,1.149398618954448
68,9,L02,High creation guard unit,post_split,drop,-0.864616478625772,0.46562703941975964,0.0,0.0,0.0,0.73,0.88,0.67,0.57,0.47,0.62,0.76,0.7677631188441308,0.41034354112642435,0.40657126925721676,0.636342193828015,1.1649197350525853,1.0582116478509813
68,10,L12,Late-clock creation group,empty_corner,pressure,-0.864616478625772,0.46562703941975964,0.0,0.0,1.0,0.74,0.91,0.59,0.63,0.51,0.66,0.57,0.814176525015708,0.34475511821447263,0.5075564703767296,0.7364464338875855,1.1923861922563612,1.0733718267176244
68,11,L01,Spacing with two-way wings,horns,zone,-0.864616478625772,0.46562703941975964,1.0,1.0,0.0,0.87,0.72,0.61,0.78,0.58,0.74,0.69,0.6916122293581953,0.46191240978537784,0.381502237968551,0.6554266286033881,0.9862126240050968,0.9282002439566914
68,12,L03,Big frontcourt rebound unit,horns,drop,-0.864616478625772,0.46562703941975964,0.0,1.0,0.0,0.55,0.58,0.76,0.74,0.88,0.65,0.54,0.83434284129614,0.3552649811823112,0.4246182464206601,0.9373523151668324,0.8162955876739106,1.1036054466741247
68,13,L07,Rim pressure transition group,horns,zone,-0.864616478625772,0.46562703941975964,0.0,1.0,0.0,0.6,0.7,0.89,0.6,0.61,0.57,0.83,0.8322571684068745,0.41536937396031925,0.44399467932879993,0.6552054758535988,1.1401213700923833,1.0816614359170236
68,14,L12,Late-clock creation group,post_split,switch,-0.864616478625772,0.46562703941975964,0.0,1.0,0.0,0.74,0.91,0.59,0.63,0.51,0.66,0.57,0.8363133418328789,0.4646833666127781,0.47438639823776335,0.7091570485903854,0.9316409118443447,0.962371756867769
68,15,L08,Low-turnover veteran group,spread_pnr,zone,-0.864616478625772,0.46562703941975964,0.0,1.0,0.0,0.69,0.68,0.55,0.69,0.59,0.91,0.52,0.8638030704892994,0.366454821896142,0.3760753274128381,0.6179706021700031,1.6675410881868415,1.1414025693057668
68,16,L09,Small-ball offensive group,horns,size,-0.864616478625772,0.46562703941975964,0.0,0.0,0.0,0.91,0.76,0.54,0.48,0.36,0.69,0.79,0.7144722037149657,0.29519083206264163,0.5290780044008608,0.5077792383544322,0.7561549043788103,1.0222969641692854
68,17,L04,Switch-heavy defensive group,horns,zone,-0.864616478625772,0.46562703941975964,0.0,0.0,0.0,0.64,0.61,0.57,0.91,0.68,0.7,0.61,0.7476555287668881,0.3543743503236655,0.32164554937104656,0.8529353899449565,2.021538541213451,1.0631314995801142
68,18,L04,Switch-heavy defensive group,empty_corner,switch,-0.864616478625772,0.46562703941975964,0.0,0.0,0.0,0.64,0.61,0.57,0.91,0.68,0.7,0.61,0.7459348952067101,0.33828290168021996,0.31768601634598437,0.7960679170209857,1.7150263478343173,1.0725887100456593
68,19,L06,Balanced playoff-style unit,switch_hunt,zone,-0.864616478625772,0.46562703941975964,0.0,1.0,0.0,0.76,0.75,0.66,0.79,0.66,0.78,0.63,0.8020639242777281,0.320364301310789,0.4449686046587473,0.7780328809055521,1.1594609749886806,1.0696779758211796
68,20,L07,Rim pressure transition group,early_drag,pressure,-0.864616478625772,0.46562703941975964,0.0,0.0,0.0,0.6,0.7,0.89,0.6,0.61,0.57,0.83,0.6951672909704956,0.3966959576994057,0.39407800705588614,0.6676351209521458,1.0421772905170652,0.9414239820780557
68,21,L10,Player-development evaluation group,horns,size,-0.864616478625772,0.46562703941975964,0.0,0.0,0.0,0.62,0.49,0.58,0.5,0.52,0.54,0.67,0.6677846359590335,0.4599411407672674,0.4814977934986697,0.726695211892922,1.1858074506872045,0.8633159336369856
68,22,L02,High creation guard unit,post_split,drop,-0.864616478625772,0.46562703941975964,0.0,0.0,0.0,0.73,0.88,0.67,0.57,0.47,0.62,0.76,0.847296079336596,0.4607597850429327,0.4233983304015133,0.6168451929206534,0.48463988808985703,0.9985243611648923
68,23,L01,Spacing with two-way wings,horns,zone,-0.864616478625772,0.46562703941975964,0.0,1.0,0.0,0.87,0.72,0.61,0.78,0.58,0.74,0.69,0.8622512017134886,0.2890549673242125,0.3844518735354797,0.684901945888824,1.263159708665374,1.2571451262954212
68,24,L11,Defensive glass control group,empty_corner,pressure,-0.864616478625772,0.46562703941975964,0.0,0.0,1.0,0.58,0.57,0.62,0.86,0.92,0.69,0.49,0.7259557177126146,0.3337059883170939,0.2735665384098517,0.8995304274721916,0.9860867134081985,1.1160752041261535
68,25,L11,Defensive glass control group,horns,switch,-0.864616478625772,0.46562703941975964,0.0,0.0,0.0,0.58,0.57,0.62,0.86,0.92,0.69,0.49,0.7325677757976086,0.33672110596971266,0.25014437148527274,0.9523957916120871,1.2283325467294053,1.0909723494133
68,26,L11,Defensive glass control group,spread_pnr,pressure,-0.864616478625772,0.46562703941975964,0.0,1.0,0.0,0.58,0.57,0.62,0.86,0.92,0.69,0.49,0.81332757504717,0.40307652920067377,0.32868712106060083,0.9054015442809303,0.5396458317575782,1.0943444111690757
68,27,L02,High creation guard unit,empty_corner,switch,-0.864616478625772,0.46562703941975964,0.0,0.0,1.0,0.73,0.88,0.67,0.57,0.47,0.62,0.76,0.7354894383089811,0.3578918081217909,0.382593187059391,0.5811252290026009,1.0777428517740926,1.0403542093065212
68,28,L08,Low-turnover veteran group,switch_hunt,pace,-0.864616478625772,0.46562703941975964,0.0,1.0,0.0,0.69,0.68,0.55,0.69,0.59,0.91,0.52,0.7628315699928406,0.25871901127561103,0.4239241713962813,0.6966982413165227,2.133642399215762,1.0683779804784863
68,29,L04,Switch-heavy defensive group,spread_pnr,zone,-0.864616478625772,0.46562703941975964,0.0,0.0,1.0,0.64,0.61,0.57,0.91,0.68,0.7,0.61,0.7522529025068992,0.2701407541841202,0.2565238637315387,0.7515794810277027,0.9767321077511036,1.152574765373771
68,30,L09,Small-ball offensive group,early_drag,pressure,-0.864616478625772,0.46562703941975964,0.0,1.0,1.0,0.91,0.76,0.54,0.48,0.36,0.69,0.79,0.9255641531576623,0.3540595412575951,0.6043909507867687,0.5556515402217156,1.433673094192941,1.1032512712221747
68,31,L06,Balanced playoff-style unit,early_drag,pace,-0.864616478625772,0.46562703941975964,0.0,0.0,0.0,0.76,0.75,0.66,0.79,0.66,0.78,0.63,0.7838582805102952,0.35095959128543575,0.34705335000712184,0.6966030053687682,1.2855152656523954,1.1072783725962656
68,32,L08,Low-turnover veteran group,early_drag,pressure,-0.864616478625772,0.46562703941975964,0.0,1.0,0.0,0.69,0.68,0.55,0.69,0.59,0.91,0.52,0.8407189903710675,0.21061190821188613,0.33592793928605114,0.6759941517410883,1.6678518904359894,1.1954161913519001
68,33,L07,Rim pressure transition group,horns,pace,-0.864616478625772,0.46562703941975964,1.0,0.0,1.0,0.6,0.7,0.89,0.6,0.61,0.57,0.83,0.5887711964781506,0.44549466866409626,0.5276051393676535,0.6690628378197642,0.36441768267311553,0.893454368197662
68,34,L05,Bench spacing development group,horns,size,-0.864616478625772,0.46562703941975964,0.0,1.0,0.0,0.81,0.54,0.49,0.52,0.43,0.58,0.71,0.863157972658114,0.3794044353230745,0.5463742610388206,0.5276005568983081,0.4873678125283299,1.0275690760311167
68,35,L12,Late-clock creation group,early_drag,zone,-0.864616478625772,0.46562703941975964,0.0,0.0,1.0,0.74,0.91,0.59,0.63,0.51,0.66,0.57,0.7921065255566658,0.39785271476620626,0.34316532736046695,0.6749498054808182,0.6990706474234875,1.0909150479635854
68,36,L10,Player-development evaluation group,post_split,zone,-0.864616478625772,0.46562703941975964,1.0,0.0,0.0,0.62,0.49,0.58,0.5,0.52,0.54,0.67,0.4467451278401706,0.505837244568878,0.47688670133404665,0.6964678605238981,0.7398769995715556,0.7785373092374359
68,37,L05,Bench spacing development group,early_drag,pace,-0.864616478625772,0.46562703941975964,1.0,0.0,0.0,0.81,0.54,0.49,0.52,0.43,0.58,0.71,0.6368458411251012,0.5398791757911207,0.5428246235409658,0.6126615080579733,0.991707767424095,0.8568398689988224
68,38,L09,Small-ball offensive group,empty_corner,zone,-0.864616478625772,0.46562703941975964,0.0,1.0,0.0,0.91,0.76,0.54,0.48,0.36,0.69,0.79,0.7873569716120108,0.45203335649541626,0.5596891763594853,0.5229920668055933,1.0063913626555163,1.0393711708919022
68,39,L01,Spacing with two-way wings,post_split,switch,-0.864616478625772,0.46562703941975964,0.0,0.0,0.0,0.87,0.72,0.61,0.78,0.58,0.74,0.69,0.8123980619852744,0.4237312157408919,0.39278683245149526,0.5410450317387633,1.6779551358893443,1.037264122998232
68,40,L02,High creation guard unit,early_drag,size,-0.864616478625772,0.46562703941975964,0.0,0.0,0.0,0.73,0.88,0.67,0.57,0.47,0.62,0.76,0.7915405791862352,0.31899338566256896,0.6067993007462988,0.6518401558171955,1.0713541462060068,1.0664394196719755
68,41,L10,Player-development evaluation group,empty_corner,zone,-0.864616478625772,0.46562703941975964,0.0,0.0,0.0,0.62,0.49,0.58,0.5,0.52,0.54,0.67,0.6898671559871634,0.2954511559591795,0.4132669486488486,0.742940329839871,0.9501359333829816,0.9959202822453765
68,42,L12,Late-clock creation group,switch_hunt,pace,-0.864616478625772,0.46562703941975964,0.0,0.0,0.0,0.74,0.91,0.59,0.63,0.51,0.66,0.57,0.8811123619036092,0.47662624144242993,0.4131200854182148,0.7330438749045454,1.41635979086248,0.9800878998941989
68,43,L05,Bench spacing development group,switch_hunt,drop,-0.864616478625772,0.46562703941975964,0.0,0.0,0.0,0.81,0.54,0.49,0.52,0.43,0.58,0.71,0.8278533328330866,0.3992224834187189,0.43781138265387515,0.6448996229985123,0.8672146423128952,1.077657807529057
68,44,L07,Rim pressure transition group,post_split,pace,-0.864616478625772,0.46562703941975964,1.0,1.0,0.0,0.6,0.7,0.89,0.6,0.61,0.57,0.83,0.6353697423003347,0.4288825034910745,0.45842933979148237,0.6583199175959227,1.1178037452708767,0.9411641106459862
68,45,L06,Balanced playoff-style unit,empty_corner,zone,-0.864616478625772,0.46562703941975964,0.0,1.0,0.0,0.76,0.75,0.66,0.79,0.66,0.78,0.63,0.8075194467700452,0.262714992478437,0.26165070388223977,0.8139951810636737,1.4781230462689094,1.210177465146077
68,46,L12,Late-clock creation group,post_split,drop,-0.864616478625772,0.46562703941975964,0.0,0.0,0.0,0.74,0.91,0.59,0.63,0.51,0.66,0.57,0.7621111130643834,0.3226610607617964,0.4487576072800564,0.6743068074578817,0.8985307143757663,1.0256291267206628
68,47,L11,Defensive glass control group,horns,pressure,-0.864616478625772,0.46562703941975964,0.0,0.0,0.0,0.58,0.57,0.62,0.86,0.92,0.69,0.49,0.6104552831322922,0.3538486489971405,0.2934140232118594,0.863621432777065,1.3121827371757269,0.976062061367029
68,48,L03,Big frontcourt rebound unit,switch_hunt,switch,-0.864616478625772,0.46562703941975964,1.0,0.0,1.0,0.55,0.58,0.76,0.74,0.88,0.65,0.54,0.5724774386558644,0.4729551089485253,0.2877891553140739,0.98,1.0483113918479057,0.8206555397887201
68,49,L01,Spacing with two-way wings,empty_corner,pressure,-0.864616478625772,0.46562703941975964,0.0,0.0,0.0,0.87,0.72,0.61,0.78,0.58,0.74,0.69,0.7502303315722144,0.3527076375350957,0.4059419646645001,0.8094784042491254,0.9307144561079667,1.0829734335617816
68,50,L02,High creation guard unit,empty_corner,switch,-0.864616478625772,0.46562703941975964,0.0,1.0,0.0,0.73,0.88,0.67,0.57,0.47,0.62,0.76,0.9256307934843667,0.47089559011637644,0.431300888894223,0.5397505071782404,1.5906611431679973,0.9814202141772932
68,51,L01,Spacing with two-way wings,post_split,pace,-0.864616478625772,0.46562703941975964,0.0,1.0,1.0,0.87,0.72,0.61,0.78,0.58,0.74,0.69,0.7625117327178178,0.28135248287742415,0.4340755675545418,0.7088273888026355,0.8222579863322624,1.0716761532757781
68,52,L04,Switch-heavy defensive group,horns,drop,-0.864616478625772,0.46562703941975964,0.0,0.0,0.0,0.64,0.61,0.57,0.91,0.68,0.7,0.61,0.6758704167211835,0.4250285233462866,0.37382683177371734,0.7714092612591115,0.7827377865578486,0.9267264910302371
68,53,L07,Rim pressure transition group,horns,zone,-0.864616478625772,0.46562703941975964,0.0,0.0,0.0,0.6,0.7,0.89,0.6,0.61,0.57,0.83,0.7548203389244263,0.37764592613498654,0.4647095686208457,0.7329962355532549,0.6213048537497206,1.0440065987963645
69,0,L12,Late-clock creation group,spread_pnr,drop,0.0499373062061537,0.37862238164112594,0.0,1.0,1.0,0.74,0.91,0.59,0.63,0.51,0.66,0.57,0.8212289387563111,0.4335960515288682,0.4139506165999986,0.49084355764926535,0.8407859484151977,1.0449129750970518
69,1,L04,Switch-heavy defensive group,switch_hunt,pressure,0.0499373062061537,0.37862238164112594,0.0,1.0,0.0,0.64,0.61,0.57,0.91,0.68,0.7,0.61,0.7802572612623946,0.35978590352333123,0.26208695646409635,0.7377522420514263,1.1038619309071707,1.103482661733799
69,2,L09,Small-ball offensive group,spread_pnr,size,0.0499373062061537,0.37862238164112594,0.0,1.0,0.0,0.91,0.76,0.54,0.48,0.36,0.69,0.79,0.95,0.43418810619111026,0.5297401735647577,0.4039956561943559,0.3359013845311556,1.0469873520353696
69,3,L06,Balanced playoff-style unit,horns,zone,0.0499373062061537,0.37862238164112594,1.0,0.0,0.0,0.76,0.75,0.66,0.79,0.66,0.78,0.63,0.5583786565365647,0.4378622560998768,0.34357684730793625,0.5830693123848436,1.456046319931671,0.9297795477413204
69,4,L07,Rim pressure transition group,post_split,zone,0.0499373062061537,0.37862238164112594,0.0,0.0,0.0,0.6,0.7,0.89,0.6,0.61,0.57,0.83,0.830054187652461,0.41320541405682387,0.4620496563477514,0.6602256080988897,1.2469735799520973,1.06945789731605
69,5,L02,High creation guard unit,switch_hunt,switch,0.0499373062061537,0.37862238164112594,0.0,1.0,0.0,0.73,0.88,0.67,0.57,0.47,0.62,0.76,0.9004637404358378,0.362379707929087,0.3812867579999685,0.38753882507934967,1.0749621650604129,1.0712332813163883
69,6,L11,Defensive glass control group,spread_pnr,pressure,0.0499373062061537,0.37862238164112594,0.0,1.0,0.0,0.58,0.57,0.62,0.86,0.92,0.69,0.49,0.7731864994225577,0.4199427340218999,0.27738281527481884,0.8969436783422013,0.9852491263092826,1.104795728296222
69,7,L04,Switch-heavy defensive group,switch_hunt,pressure,0.0499373062061537,0.37862238164112594,0.0,0.0,0.0,0.64,0.61,0.57,0.91,0.68,0.7,0.61,0.727950374352354,0.3965432753496705,0.31825379700165807,0.6362410049583882,0.5146488469111451,1.0360252056913
69,8,L08,Low-turnover veteran group,early_drag,size,0.0499373062061537,0.37862238164112594,0.0,1.0,0.0,0.69,0.68,0.55,0.69,0.59,0.91,0.52,0.7554154066791854,0.2012665176731146,0.32456302043737323,0.5489901440669102,1.4862249539937438,1.0798914938715745
69,9,L03,Big frontcourt rebound unit,switch_hunt,switch,0.0499373062061537,0.37862238164112594,0.0,0.0,0.0,0.55,0.58,0.76,0.74,0.88,0.65,0.54,0.5852767163233192,0.3291028403183681,0.35835789717147404,0.7986011260297547,0.7062685302878127,0.9765484936785364
69,10,L11,Defensive glass control group,empty_corner,pace,0.0499373062061537,0.37862238164112594,1.0,0.0,0.0,0.58,0.57,0.62,0.86,0.92,0.69,0.49,0.6430156536208185,0.43801501401563686,0.22285010976361627,0.795072441073406,1.0278250983845814,1.0968272167679416
69,11,L04,Switch-heavy defensive group,spread_pnr,switch,0.0499373062061537,0.37862238164112594,0.0,1.0,0.0,0.64,0.61,0.57,0.91,0.68,0.7,0.61,0.7456919853934143,0.3450197575448043,0.3307232446893995,0.7144897327540936,0.5610052662653942,1.0742881748618154
69,12,L02,High creation guard unit,empty_corner,pressure,0.0499373062061537,0.37862238164112594,0.0,1.0,0.0,0.73,0.88,0.67,0.57,0.47,0.62,0.76,0.8996806868139262,0.48396139946844474,0.4420001500525402,0.5112355917085516,1.1662274323059643,1.0362386423544583
69,13,L06,Balanced playoff-style unit,spread_pnr,pace,0.0499373062061537,0.37862238164112594,0.0,0.0,1.0,0.76,0.75,0.66,0.79,0.66,0.78,0.63,0.7769636570368161,0.3803677609878504,0.2767694921496274,0.5658073545598887,1.3676784223292304,1.1453353520272775
69,14,L03,Big frontcourt rebound unit,spread_pnr,switch,0.0499373062061537,0.37862238164112594,0.0,1.0,0.0,0.55,0.58,0.76,0.74,0.88,0.65,0.54,0.8536976292952955,0.3152808375287514,0.2622905636375429,0.8877602742264938,1.2566168653532794,1.193560889524747
69,15,L07,Rim pressure transition group,post_split,drop,0.0499373062061537,0.37862238164112594,1.0,0.0,0.0,0.6,0.7,0.89,0.6,0.61,0.57,0.83,0.6502823758883757,0.5054287658147721,0.5015351284991088,0.6407512630949646,0.529149524620167,0.9306381771565873
69,16,L06,Balanced playoff-style unit,switch_hunt,size,0.0499373062061537,0.37862238164112594,1.0,0.0,1.0,0.76,0.75,0.66,0.79,0.66,0.78,0.63,0.6792153259325944,0.33094565511952145,0.3189332793343025,0.604910303037389,1.1359065228688752,1.0521824148017516
69,17,L07,Rim pressure transition group,switch_hunt,pressure,0.0499373062061537,0.37862238164112594,0.0,0.0,0.0,0.6,0.7,0.89,0.6,0.61,0.57,0.83,0.6622771774022957,0.3808595758898015,0.4671910179917068,0.7002000526603119,0.603597965815214,0.9388783681101235
69,18,L05,Bench spacing development group,horns,switch,0.0499373062061537,0.37862238164112594,0.0,1.0,0.0,0.81,0.54,0.49,0.52,0.43,0.58,0.71,0.8009935873267249,0.3764952054292428,0.5109813897793616,0.4774568076794487,1.0115688260271085,1.006134909501554
69,19,L11,Defensive glass control group,post_split,zone,0.0499373062061537,0.37862238164112594,0.0,0.0,0.0,0.58,0.57,0.62,0.86,0.92,0.69,0.49,0.6432411068153466,0.3207332846658678,0.2499675424204043,0.8824539398964315,1.0645681810875114,1.1680049248066853
69,20,L11,Defensive glass control group,empty_corner,drop,0.0499373062061537,0.37862238164112594,0.0,1.0,1.0,0.58,0.57,0.62,0.86,0.92,0.69,0.49,0.7246356072724441,0.3541446655097288,0.1364468084408151,0.764482819540955,1.1045058439075435,1.1394647542132998
69,21,L02,High creation guard unit,switch_hunt,zone,0.0499373062061537,0.37862238164112594,1.0,1.0,0.0,0.73,0.88,0.67,0.57,0.47,0.62,0.76,0.6640970354775227,0.4655233374173594,0.45853865668884886,0.40926867052179855,1.3168858544424382,0.8349924037341041
69,22,L01,Spacing with two-way wings,empty_corner,drop,0.0499373062061537,0.37862238164112594,0.0,0.0,1.0,0.87,0.72,0.61,0.78,0.58,0.74,0.69,0.8482366462572877,0.3448562551344941,0.3942002129227222,0.5604427534081955,1.4331287776604642,1.1467205041845328
69,23,L07,Rim pressure transition group,switch_hunt,zone,0.0499373062061537,0.37862238164112594,0.0,1.0,0.0,0.6,0.7,0.89,0.6,0.61,0.57,0.83,0.95,0.39013781793207986,0.4720076722226476,0.5528618769428941,1.452695956669476,1.1510580789189768
69,24,L02,High creation guard unit,spread_pnr,zone,0.0499373062061537,0.37862238164112594,1.0,1.0,1.0,0.73,0.88,0.67,0.57,0.47,0.62,0.76,0.650265490039404,0.5946020896819075,0.42406927003416806,0.4841476722334984,0.49099346990716547,0.9097491330808274
69,25,L11,Defensive glass control group,switch_hunt,drop,0.0499373062061537,0.37862238164112594,0.0,0.0,0.0,0.58,0.57,0.62,0.86,0.92,0.69,0.49,0.510442174867067,0.3872545775367577,0.24317425456466252,0.927114727468641,0.9324354107688593,0.8965289849306919
69,26,L07,Rim pressure transition group,early_drag,pressure,0.0499373062061537,0.37862238164112594,0.0,0.0,0.0,0.6,0.7,0.89,0.6,0.61,0.57,0.83,0.7377646300646918,0.46636067830321104,0.37948308022724164,0.49669034294502,1.3106192462347876,1.0152820510033922
69,27,L04,Switch-heavy defensive group,empty_corner,drop,0.0499373062061537,0.37862238164112594,0.0,0.0,0.0,0.64,0.61,0.57,0.91,0.68,0.7,0.61,0.6912691623116464,0.29841961282349383,0.34021698450537696,0.7205023315992132,1.017252894716999,1.0517933805011463
69,28,L03,Big frontcourt rebound unit,switch_hunt,pace,0.0499373062061537,0.37862238164112594,0.0,0.0,0.0,0.55,0.58,0.76,0.74,0.88,0.65,0.54,0.8147835148792162,0.38006841988125684,0.29594877916616885,0.791184966215845,0.7818753085082542,1.0470434906363424
69,29,L03,Big frontcourt rebound unit,post_split,size,0.0499373062061537,0.37862238164112594,0.0,0.0,0.0,0.55,0.58,0.76,0.74,0.88,0.65,0.54,0.645653405688954,0.32181821822618334,0.2662037785606851,0.713088539850299,1.395647853773071,1.1187560490034651
69,30,L02,High creation guard unit,spread_pnr,pressure,0.0499373062061537,0.37862238164112594,1.0,1.0,0.0,0.73,0.88,0.67,0.57,0.47,0.62,0.76,0.6799865893044054,0.4238433690035248,0.4891706235338851,0.5116803959321713,1.028217463112667,0.9836946304382763
69,31,L06,Balanced playoff-style unit,switch_hunt,zone,0.0499373062061537,0.37862238164112594,0.0,0.0,1.0,0.76,0.75,0.66,0.79,0.66,0.78,0.63,0.7980555420555612,0.2533439527794078,0.535047364564825,0.5405569851634547,0.9124511316209895,1.0383802071858055
69,32,L03,Big frontcourt rebound unit,early_drag,pace,0.0499373062061537,0.37862238164112594,0.0,0.0,0.0,0.55,0.58,0.76,0.74,0.88,0.65,0.54,0.6291941763538101,0.3969474379427077,0.28954147287520116,0.8024629174228077,1.2226235386208668,1.0446682420580657
69,33,L09,Small-ball offensive group,empty_corner,zone,0.0499373062061537,0.37862238164112594,0.0,0.0,0.0,0.91,0.76,0.54,0.48,0.36,0.69,0.79,0.947328079374954,0.3461630421127344,0.3958603106540527,0.41410167153983524,1.1012031179226527,1.1949352035119283
69,34,L02,High creation guard unit,early_drag,pace,0.0499373062061537,0.37862238164112594,0.0,0.0,0.0,0.73,0.88,0.67,0.57,0.47,0.62,0.76,0.7760655834540496,0.485010968623468,0.4270569062896204,0.5391520278667621,0.5909536408610327,1.0237739976842
69,35,L04,Switch-heavy defensive group,empty_corner,zone,0.0499373062061537,0.37862238164112594,1.0,1.0,0.0,0.64,0.61,0.57,0.91,0.68,0.7,0.61,0.4908451121396785,0.4532182443261602,0.32471239152028564,0.7040665621028158,1.3778146280811099,0.9136987534915955
69,36,L07,Rim pressure transition group,horns,pace,0.0499373062061537,0.37862238164112594,0.0,0.0,0.0,0.6,0.7,0.89,0.6,0.61,0.57,0.83,0.7789918309362854,0.328197279581969,0.40214677725986586,0.6347454685409355,0.8291994815056913,1.1080312106696115
69,37,L12,Late-clock creation group,early_drag,zone,0.0499373062061537,0.37862238164112594,0.0,0.0,0.0,0.74,0.91,0.59,0.63,0.51,0.66,0.57,0.8409574122974465,0.3302349457021956,0.40805828017635704,0.4895389973567607,1.2814500643620579,1.0810802329996987
69,38,L08,Low-turnover veteran group,spread_pnr,pace,0.0499373062061537,0.37862238164112594,0.0,1.0,0.0,0.69,0.68,0.55,0.69,0.59,0.91,0.52,0.8899122383519419,0.2953562338803707,0.3315223077716235,0.6030811572900331,1.1066960217797979,1.2131432148280479
69,39,L11,Defensive glass control group,post_split,zone,0.0499373062061537,0.37862238164112594,1.0,0.0,1.0,0.58,0.57,0.62,0.86,0.92,0.69,0.49,0.578650907174614,0.4080723818348752,0.20138003439469543,0.7684659855119402,0.8003618750319959,1.1199287710212453
69,40,L01,Spacing with two-way wings,switch_hunt,drop,0.0499373062061537,0.37862238164112594,0.0,0.0,0.0,0.87,0.72,0.61,0.78,0.58,0.74,0.69,0.7174587077967373,0.23756193722482616,0.4023368555652427,0.6727183853641746,1.0487948442562531,1.0882489184000343
69,41,L02,High creation guard unit,empty_corner,pressure,0.0499373062061537,0.37862238164112594,0.0,0.0,1.0,0.73,0.88,0.67,0.57,0.47,0.62,0.76,0.8978079507756015,0.3567486797586509,0.4137337648271738,0.5845209744589639,1.3350682387039383,1.109550482091721
69,42,L05,Bench spacing development group,spread_pnr,switch,0.0499373062061537,0.37862238164112594,0.0,0.0,0.0,0.81,0.54,0.49,0.52,0.43,0.58,0.71,0.6923267393725745,0.5094073674665619,0.5155212760424321,0.34588714418379873,0.89339817668049,0.868026292674445
69,43,L10,Player-development evaluation group,empty_corner,pace,0.0499373062061537,0.37862238164112594,0.0,0.0,0.0,0.62,0.49,0.58,0.5,0.52,0.54,0.67,0.6989266231266247,0.35353581390592875,0.4511947250186742,0.5953765280987122,1.1593401909581098,0.9722297701601392
69,44,L02,High creation guard unit,early_drag,switch,0.0499373062061537,0.37862238164112594,0.0,0.0,0.0,0.73,0.88,0.67,0.57,0.47,0.62,0.76,0.8217503795939696,0.4551346724885967,0.5007014369743064,0.518257868191008,0.6239683804037697,0.986021956318181
69,45,L04,Switch-heavy defensive group,horns,size,0.0499373062061537,0.37862238164112594,0.0,0.0,0.0,0.64,0.61,0.57,0.91,0.68,0.7,0.61,0.6255166889612431,0.2869808235989824,0.30809749305988565,0.5946564331222086,0.6217675079998458,0.9501191834468519
69,46,L03,Big frontcourt rebound unit,spread_pnr,pace,0.0499373062061537,0.37862238164112594,0.0,0.0,0.0,0.55,0.58,0.76,0.74,0.88,0.65,0.54,0.7625690533757772,0.4290843335757094,0.3777394001006191,0.7853052051193671,1.4139568309835178,1.0582048102182795
69,47,L09,Small-ball offensive group,post_split,pressure,0.0499373062061537,0.37862238164112594,0.0,1.0,0.0,0.91,0.76,0.54,0.48,0.36,0.69,0.79,0.8095749679023062,0.3476490412035379,0.46080188428957625,0.3518457580815697,0.8738648910975837,1.0241080287878974
69,48,L03,Big frontcourt rebound unit,empty_corner,drop,0.0499373062061537,0.37862238164112594,0.0,1.0,0.0,0.55,0.58,0.76,0.74,0.88,0.65,0.54,0.7392389416521185,0.3804833770425823,0.2960403927376025,0.7127622430755878,1.4628277430030014,1.1027072256631194
69,49,L06,Balanced playoff-style unit,empty_corner,pressure,0.0499373062061537,0.37862238164112594,1.0,0.0,0.0,0.76,0.75,0.66,0.79,0.66,0.78,0.63,0.6882347627702735,0.46893993877629964,0.25935791478854353,0.6049960477128477,1.3584293190900671,1.038521689577606
69,50,L07,Rim pressure transition group,switch_hunt,drop,0.0499373062061537,0.37862238164112594,0.0,1.0,0.0,0.6,0.7,0.89,0.6,0.61,0.57,0.83,0.8048387375135084,0.3764516124640234,0.43728194290705935,0.6539129504770645,1.6600419431150062,1.0960227829057898
69,51,L03,Big frontcourt rebound unit,horns,switch,0.0499373062061537,0.37862238164112594,0.0,0.0,0.0,0.55,0.58,0.76,0.74,0.88,0.65,0.54,0.7518122991873692,0.3788162229209342,0.3010391112521113,0.8107178608873387,1.4430091213363752,1.036546115733091
69,52,L08,Low-turnover veteran group,empty_corner,pressure,0.0499373062061537,0.37862238164112594,1.0,0.0,0.0,0.69,0.68,0.55,0.69,0.59,0.91,0.52,0.5081985576643524,0.38823454188384876,0.3715934083475489,0.6484052808822324,1.2840836219858907,0.8381281022392405
69,53,L03,Big frontcourt rebound unit,post_split,size,0.0499373062061537,0.37862238164112594,0.0,0.0,0.0,0.55,0.58,0.76,0.74,0.88,0.65,0.54,0.6693104682697076,0.37924964191805083,0.26917672604403864,0.7454543564508267,0.5976646334517801,1.100808283792715
70,0,L08,Low-turnover veteran group,post_split,size,0.08001930575845383,0.3708681481677284,0.0,0.0,0.0,0.69,0.68,0.55,0.69,0.59,0.91,0.52,0.690752678520228,0.2578067522099646,0.3725485703191213,0.5757276105546437,1.567413385466314,1.0258191951648774
70,1,L02,High creation guard unit,spread_pnr,drop,0.08001930575845383,0.3708681481677284,0.0,1.0,1.0,0.73,0.88,0.67,0.57,0.47,0.62,0.76,0.8413147815567233,0.36484952709674034,0.49907669703583035,0.4808351664485798,0.603215842016971,1.0530889212480765
70,2,L08,Low-turnover veteran group,switch_hunt,switch,0.08001930575845383,0.3708681481677284,0.0,0.0,0.0,0.69,0.68,0.55,0.69,0.59,0.91,0.52,0.7198955388703528,0.2426345576258181,0.3764821146346217,0.6114303903075244,0.6559579377162247,1.0645371556962475
70,3,L02,High creation guard unit,spread_pnr,zone,0.08001930575845383,0.3708681481677284,0.0,0.0,0.0,0.73,0.88,0.67,0.57,0.47,0.62,0.76,0.6846892423729098,0.3569083211717776,0.46854692035770684,0.5694283214016543,1.6823486791569762,0.9882191753884743
70,4,L04,Switch-heavy defensive group,horns,drop,0.08001930575845383,0.3708681481677284,0.0,0.0,0.0,0.64,0.61,0.57,0.91,0.68,0.7,0.61,0.5972721385657794,0.35051153150592596,0.3226073713171293,0.5948117507384283,1.1002550347768771,1.0586692173297578
70,5,L11,Defensive glass control group,switch_hunt,pressure,0.08001930575845383,0.3708681481677284,1.0,1.0,1.0,0.58,0.57,0.62,0.86,0.92,0.69,0.49,0.5200917409406972,0.47583194196607453,0.3164702723491296,0.8110320185865523,0.7633868473538054,0.8868796010790043
70,6,L11,Defensive glass control group,post_split,pressure,0.08001930575845383,0.3708681481677284,0.0,0.0,1.0,0.58,0.57,0.62,0.86,0.92,0.69,0.49,0.5675034786372318,0.2729178391228582,0.28163573829831196,0.7912790234718171,0.8875023539373805,1.0772421349078902
70,7,L05,Bench spacing development group,early_drag,drop,0.08001930575845383,0.3708681481677284,0.0,0.0,0.0,0.81,0.54,0.49,0.52,0.43,0.58,0.71,0.7232245415509734,0.41786840664804137,0.45831125603700335,0.4922206354544457,1.3183114794736843,1.0406272675080182
70,8,L09,Small-ball offensive group,horns,zone,0.08001930575845383,0.3708681481677284,0.0,0.0,0.0,0.91,0.76,0.54,0.48,0.36,0.69,0.79,0.7753117007436144,0.3788456683457403,0.4768117160603714,0.4178736534733363,0.9177260147906517,1.0522650421069315
70,9,L12,Late-clock creation group,horns,drop,0.08001930575845383,0.3708681481677284,0.0,0.0,0.0,0.74,0.91,0.59,0.63,0.51,0.66,0.57,0.8662055222320617,0.37446432356295767,0.41763618855107043,0.4545139173507413,0.9196293733485184,1.0767840252934076
70,10,L05,Bench spacing development group,horns,size,0.08001930575845383,0.3708681481677284,0.0,0.0,0.0,0.81,0.54,0.49,0.52,0.43,0.58,0.71,0.7554162094211707,0.4233323538748579,0.5719584058156093,0.5710857535091368,0.9843995263068288,1.0160845988913239
70,11,L06,Balanced playoff-style unit,switch_hunt,drop,0.08001930575845383,0.3708681481677284,0.0,1.0,0.0,0.76,0.75,0.66,0.79,0.66,0.78,0.63,0.95,0.38404941398207393,0.3607898175780005,0.6614251768123596,1.3166808907196348,1.1444900790913177
70,12,L11,Defensive glass control group,horns,zone,0.08001930575845383,0.3708681481677284,0.0,1.0,0.0,0.58,0.57,0.62,0.86,0.92,0.69,0.49,0.7925202284825676,0.3490154595022382,0.28556235279527237,0.8720510644273746,1.0883534768722178,1.1124702878529935
70,13,L05,Bench spacing development group,early_drag,switch,0.08001930575845383,0.3708681481677284,0.0,0.0,0.0,0.81,0.54,0.49,0.52,0.43,0.58,0.71,0.7347670053732762,0.3774818035534194,0.46695790256205455,0.41863955220879856,1.025759578339831,0.9983619448756726
70,14,L08,Low-turnover veteran group,post_split,switch,0.08001930575845383,0.3708681481677284,0.0,1.0,0.0,0.69,0.68,0.55,0.69,0.59,0.91,0.52,0.8194638486345712,0.3560512104344037,0.3290806485058518,0.6000662677369211,0.5415804451605682,1.067255470815895
70,15,L09,Small-ball offensive group,empty_corner,drop,0.08001930575845383,0.3708681481677284,1.0,1.0,0.0,0.91,0.76,0.54,0.48,0.36,0.69,0.79,0.6233220832083677,0.4702201559328641,0.49984212740184647,0.41071217534521187,0.6580047384502047,0.8977737411330279
70,16,L05,Bench spacing development group,empty_corner,switch,0.08001930575845383,0.3708681481677284,1.0,1.0,0.0,0.81,0.54,0.49,0.52,0.43,0.58,0.71,0.6286656098801066,0.524267956271225,0.5082165642840495,0.43895443235282633,0.5190319890498652,0.8702541663688875
70,17,L01,Spacing with two-way wings,early_drag,zone,0.08001930575845383,0.3708681481677284,0.0,1.0,0.0,0.87,0.72,0.61,0.78,0.58,0.74,0.69,0.8909680296175803,0.4076996291697405,0.4017450469117964,0.5841550645695562,1.6753729762335783,1.160154742467878
70,18,L10,Player-development evaluation group,empty_corner,size,0.08001930575845383,0.3708681481677284,0.0,1.0,0.0,0.62,0.49,0.58,0.5,0.52,0.54,0.67,0.6414228307170938,0.385486966438768,0.41107812162729657,0.5319706424520724,1.2505889599772497,1.009203778908198
70,19,L03,Big frontcourt rebound unit,post_split,drop,0.08001930575845383,0.3708681481677284,0.0,0.0,0.0,0.55,0.58,0.76,0.74,0.88,0.65,0.54,0.8324382067125237,0.3106507464920183,0.4043119177108983,0.8010410518470318,1.4058333462630226,1.0714903091414454
70,20,L06,Balanced playoff-style unit,spread_pnr,zone,0.08001930575845383,0.3708681481677284,0.0,0.0,0.0,0.76,0.75,0.66,0.79,0.66,0.78,0.63,0.8360065022635454,0.3257164283282541,0.24476541432262586,0.6255016550837674,1.1992288603714976,1.1777601923942644
70,21,L05,Bench spacing development group,early_drag,pace,0.08001930575845383,0.3708681481677284,1.0,0.0,0.0,0.81,0.54,0.49,0.52,0.43,0.58,0.71,0.5696789034278443,0.5984483846884762,0.4867476779360624,0.49813541753101387,0.8630839228853747,0.7472761644054031
70,22,L02,High creation guard unit,switch_hunt,zone,0.08001930575845383,0.3708681481677284,1.0,0.0,0.0,0.73,0.88,0.67,0.57,0.47,0.62,0.76,0.6530104219849769,0.465944285142728,0.46634156542285954,0.5542331610429817,1.0941014360955015,0.8622549761120177
70,23,L12,Late-clock creation group,post_split,zone,0.08001930575845383,0.3708681481677284,1.0,0.0,1.0,0.74,0.91,0.59,0.63,0.51,0.66,0.57,0.5611015248647283,0.5001242732243519,0.4473004107288515,0.6123156238920932,0.4401655756309303,0.85388906698427
70,24,L03,Big frontcourt rebound unit,switch_hunt,switch,0.08001930575845383,0.3708681481677284,0.0,0.0,0.0,0.55,0.58,0.76,0.74,0.88,0.65,0.54,0.7078312779357686,0.3449182502508894,0.2835489662628059,0.872221434762475,1.8581514157883658,1.0731080641904323
70,25,L09,Small-ball offensive group,empty_corner,pace,0.08001930575845383,0.3708681481677284,1.0,0.0,0.0,0.91,0.76,0.54,0.48,0.36,0.69,0.79,0.6680189355491382,0.38711901213833255,0.506467759138864,0.3333800323294513,0.9448821328832799,0.9550656885483221
70,26,L05,Bench spacing development group,post_split,pressure,0.08001930575845383,0.3708681481677284,0.0,0.0,0.0,0.81,0.54,0.49,0.52,0.43,0.58,0.71,0.6633177629286605,0.43300222889569046,0.4167943542851128,0.45148643908661035,1.0584006783395006,0.9615071175807407
70,27,L10,Player-development evaluation group,spread_pnr,pressure,0.08001930575845383,0.3708681481677284,1.0,1.0,0.0,0.62,0.49,0.58,0.5,0.52,0.54,0.67,0.5423665404294173,0.46469555189468414,0.5448944083646368,0.5560133877292316,0.9829032881767221,0.9403248180289692
70,28,L03,Big frontcourt rebound unit,early_drag,drop,0.08001930575845383,0.3708681481677284,0.0,1.0,0.0,0.55,0.58,0.76,0.74,0.88,0.65,0.54,0.7200556448801646,0.31545312567280703,0.3225425930844666,0.7049297018047692,1.0332921438986942,1.0825065205479378
70,29,L08,Low-turnover veteran group,switch_hunt,pressure,0.08001930575845383,0.3708681481677284,0.0,0.0,0.0,0.69,0.68,0.55,0.69,0.59,0.91,0.52,0.7693874908125216,0.2705371863371832,0.46873452112794584,0.5482724285715567,0.5290295111766938,1.0391312068939997
70,30,L06,Balanced playoff-style unit,horns,size,0.08001930575845383,0.3708681481677284,0.0,0.0,0.0,0.76,0.75,0.66,0.79,0.66,0.78,0.63,0.7570667194897427,0.3780208155260846,0.32219658257910744,0.6619042748890257,1.2695451127212514,1.0470518641532574
70,31,L03,Big frontcourt rebound unit,early_drag,drop,0.08001930575845383,0.3708681481677284,0.0,0.0,0.0,0.55,0.58,0.76,0.74,0.88,0.65,0.54,0.6689268859716113,0.3557352335022937,0.3737431518514922,0.798552436087068,0.8672336560183139,0.9922444945996864
70,32,L12,Late-clock creation group,switch_hunt,size,0.08001930575845383,0.3708681481677284,0.0,0.0,0.0,0.74,0.91,0.59,0.63,0.51,0.66,0.57,0.7463935453388248,0.3527217608570413,0.4314784160447032,0.43104089320775896,0.4253497455030365,1.0106388299066476
70,33,L08,Low-turnover veteran group,empty_corner,zone,0.08001930575845383,0.3708681481677284,1.0,0.0,0.0,0.69,0.68,0.55,0.69,0.59,0.91,0.52,0.4377969850373642,0.37799115224140356,0.39907826721225925,0.6031043377402953,0.7902297394245469,0.8436990061584496
70,34,L07,Rim pressure transition group,post_split,drop,0.08001930575845383,0.3708681481677284,0.0,1.0,0.0,0.6,0.7,0.89,0.6,0.61,0.57,0.83,0.8986346799539046,0.31031113092790336,0.4414619021516503,0.5387331799171651,0.5941887165992945,1.176933980282515
70,35,L09,Small-ball offensive group,post_split,drop,0.08001930575845383,0.3708681481677284,0.0,0.0,1.0,0.91,0.76,0.54,0.48,0.36,0.69,0.79,0.714572208723975,0.3601688193494788,0.48819190989944194,0.4854451324389335,0.8797212083654086,1.0142311823516668
70,36,L06,Balanced playoff-style unit,horns,zone,0.08001930575845383,0.3708681481677284,1.0,1.0,0.0,0.76,0.75,0.66,0.79,0.66,0.78,0.63,0.7166268144020711,0.3808860208566498,0.3686164189014864,0.6842295330978565,1.1452667077704701,1.0694697103460717
70,37,L08,Low-turnover veteran group,empty_corner,drop,0.08001930575845383,0.3708681481677284,0.0,1.0,0.0,0.69,0.68,0.55,0.69,0.59,0.91,0.52,0.7900756045737395,0.2221213559227862,0.45007275271335906,0.6995269355670964,0.8800331627955508,1.1273346954739225
70,38,L07,Rim pressure transition group,spread_pnr,drop,0.08001930575845383,0.3708681481677284,1.0,1.0,0.0,0.6,0.7,0.89,0.6,0.61,0.57,0.83,0.6797805225468586,0.4711311876250822,0.4502364220266842,0.5752529328373679,1.9529604129769065,0.9500439924423447
70,39,L04,Switch-heavy defensive group,empty_corner,drop,0.08001930575845383,0.3708681481677284,0.0,1.0,0.0,0.64,0.61,0.57,0.91,0.68,0.7,0.61,0.7468594544760497,0.3453007901189107,0.19134621950842798,0.6419279571268319,1.0971802355472984,1.1403497980547146
70,40,L07,Rim pressure transition group,spread_pnr,switch,0.08001930575845383,0.3708681481677284,0.0,1.0,0.0,0.6,0.7,0.89,0.6,0.61,0.57,0.83,0.9074578538174263,0.3976623386814345,0.5048997618002655,0.6456676598902964,1.2309106691773095,1.0903300379269079
70,41,L03,Big frontcourt rebound unit,early_drag,zone,0.08001930575845383,0.3708681481677284,1.0,1.0,0.0,0.55,0.58,0.76,0.74,0.88,0.65,0.54,0.6507558151035521,0.53493842153804,0.30117327487656637,0.8144559972918317,0.7081477285675193,0.9885691161254077
70,42,L10,Player-development evaluation group,post_split,zone,0.08001930575845383,0.3708681481677284,0.0,0.0,0.0,0.62,0.49,0.58,0.5,0.52,0.54,0.67,0.6417199442090936,0.42504606883291207,0.49068939483451135,0.41916898719334444,1.0104450863250765,0.9273244513445928
70,43,L05,Bench spacing development group,post_split,size,0.08001930575845383,0.3708681481677284,0.0,0.0,0.0,0.81,0.54,0.49,0.52,0.43,0.58,0.71,0.7896113676582907,0.3062341621583825,0.43927327235049296,0.4094997650718384,1.1067897312650659,1.0583304863041154
70,44,L12,Late-clock creation group,horns,size,0.08001930575845383,0.3708681481677284,1.0,0.0,0.0,0.74,0.91,0.59,0.63,0.51,0.66,0.57,0.6640638794340448,0.44402721023010255,0.34922955109117476,0.5624800744726388,1.364630554742771,0.9507193831140274
70,45,L05,Bench spacing development group,switch_hunt,zone,0.08001930575845383,0.3708681481677284,0.0,0.0,1.0,0.81,0.54,0.49,0.52,0.43,0.58,0.71,0.7105166920323364,0.3783086224282627,0.5147810822424066,0.4595384928611262,1.3024439565245454,0.9519258729649749
70,46,L06,Balanced playoff-style unit,empty_corner,drop,0.08001930575845383,0.3708681481677284,0.0,1.0,0.0,0.76,0.75,0.66,0.79,0.66,0.78,0.63,0.7918484397056859,0.25088402555193023,0.3549623220077313,0.5431452031687242,1.162607470847245,1.10054264852536
70,47,L07,Rim pressure transition group,spread_pnr,drop,0.08001930575845383,0.3708681481677284,1.0,0.0,0.0,0.6,0.7,0.89,0.6,0.61,0.57,0.83,0.5488996006159884,0.4452614303430132,0.4213346231925201,0.7170541742646919,0.8269323925874308,0.9254640205579517
70,48,L05,Bench spacing development group,switch_hunt,zone,0.08001930575845383,0.3708681481677284,0.0,0.0,1.0,0.81,0.54,0.49,0.52,0.43,0.58,0.71,0.6874914514848312,0.4081619850878651,0.513077294440587,0.4417393713781005,1.0022266447026973,0.9062741921266729
70,49,L06,Balanced playoff-style unit,empty_corner,pressure,0.08001930575845383,0.3708681481677284,0.0,1.0,0.0,0.76,0.75,0.66,0.79,0.66,0.78,0.63,0.7970708430614092,0.3060129371099247,0.42388224059677543,0.7255316483609752,1.4036835574665243,1.0855515722375637
70,50,L01,Spacing with two-way wings,early_drag,pressure,0.08001930575845383,0.3708681481677284,0.0,0.0,0.0,0.87,0.72,0.61,0.78,0.58,0.74,0.69,0.7385984141762053,0.27477625286707386,0.28942607443903146,0.6791354003906512,0.9671053848213693,1.1125433794783735
70,51,L02,High creation guard unit,horns,zone,0.08001930575845383,0.3708681481677284,0.0,0.0,0.0,0.73,0.88,0.67,0.57,0.47,0.62,0.76,0.7682903139542235,0.37902738146638304,0.5028012143756213,0.45886197109253346,1.5057701154777994,1.007010328030248
70,52,L03,Big frontcourt rebound unit,empty_corner,switch,0.08001930575845383,0.3708681481677284,0.0,0.0,0.0,0.55,0.58,0.76,0.74,0.88,0.65,0.54,0.7366542861599437,0.3198636354478566,0.31822800736056384,0.7246247227711553,0.677337238083032,1.0629335850381598
70,53,L04,Switch-heavy defensive group,switch_hunt,pressure,0.08001930575845383,0.3708681481677284,0.0,0.0,0.0,0.64,0.61,0.57,0.91,0.68,0.7,0.61,0.8111027445551495,0.34018908623871874,0.23132968798646586,0.7113319036296857,1.1486133194719603,1.131102836947835
71,0,L04,Switch-heavy defensive group,horns,zone,0.313223380616149,0.1561556600988391,0.0,0.0,0.0,0.64,0.61,0.57,0.91,0.68,0.7,0.61,0.708688630106286,0.3750515378868421,0.287462645093053,0.6034103134326585,0.7301630064953298,1.0673400622753446
71,1,L09,Small-ball offensive group,post_split,zone,0.313223380616149,0.1561556600988391,0.0,0.0,1.0,0.91,0.76,0.54,0.48,0.36,0.69,0.79,0.708581064869637,0.31941245686019604,0.45945647768833475,0.37891873846877205,0.60749360661148,1.0297918678388431
71,2,L08,Low-turnover veteran group,horns,size,0.313223380616149,0.1561556600988391,0.0,0.0,0.0,0.69,0.68,0.55,0.69,0.59,0.91,0.52,0.7304768057302288,0.1760488658128181,0.30225334639029955,0.45656296457899637,1.1401065551804976,1.1343202902924923
71,3,L06,Balanced playoff-style unit,early_drag,drop,0.313223380616149,0.1561556600988391,0.0,0.0,0.0,0.76,0.75,0.66,0.79,0.66,0.78,0.63,0.862247730096352,0.4265887672053391,0.3518855789225495,0.6261638326352503,1.15541492969496,1.095346699879517
71,4,L09,Small-ball offensive group,horns,pace,0.313223380616149,0.1561556600988391,0.0,0.0,0.0,0.91,0.76,0.54,0.48,0.36,0.69,0.79,0.8008431930668347,0.3447739418662841,0.5552955530518506,0.5384180398269193,1.388952562855016,1.080107095584958
71,5,L02,High creation guard unit,horns,zone,0.313223380616149,0.1561556600988391,0.0,0.0,0.0,0.73,0.88,0.67,0.57,0.47,0.62,0.76,0.8235756964025912,0.24393606742312535,0.5002601279587301,0.5044754715871796,0.9134676428332171,1.1204654395169533
71,6,L05,Bench spacing development group,early_drag,drop,0.313223380616149,0.1561556600988391,0.0,0.0,0.0,0.81,0.54,0.49,0.52,0.43,0.58,0.71,0.6593926894035356,0.38400727900700404,0.4301986245164062,0.49197121287801143,0.9763947663826389,1.0382791108993483
71,7,L12,Late-clock creation group,early_drag,size,0.313223380616149,0.1561556600988391,0.0,0.0,0.0,0.74,0.91,0.59,0.63,0.51,0.66,0.57,0.7296785466630146,0.4306878727268053,0.3333908440186472,0.5011032107410605,1.280690515066494,1.0645510063969763
71,8,L08,Low-turnover veteran group,empty_corner,switch,0.313223380616149,0.1561556600988391,0.0,1.0,0.0,0.69,0.68,0.55,0.69,0.59,0.91,0.52,0.8106642405343301,0.23892480547107303,0.3581111911760842,0.6632824222944967,1.3759303876803917,1.1946587887859137
71,9,L09,Small-ball offensive group,post_split,pressure,0.313223380616149,0.1561556600988391,0.0,0.0,0.0,0.91,0.76,0.54,0.48,0.36,0.69,0.79,0.7861929548566571,0.38922159233359305,0.5437403560619791,0.3111378200014501,1.2523269706485498,1.0451039075262833
71,10,L01,Spacing with two-way wings,switch_hunt,pressure,0.313223380616149,0.1561556600988391,0.0,1.0,0.0,0.87,0.72,0.61,0.78,0.58,0.74,0.69,0.8132577222039754,0.37811194221637545,0.38977196456525565,0.5564823949390779,1.1124591824591636,1.1157755956140782
71,11,L04,Switch-heavy defensive group,early_drag,pressure,0.313223380616149,0.1561556600988391,0.0,0.0,0.0,0.64,0.61,0.57,0.91,0.68,0.7,0.61,0.7775161697671759,0.3803987470365606,0.3565083513688959,0.5341158886376739,0.9817685922106247,1.1309573695190642
71,12,L12,Late-clock creation group,early_drag,drop,0.313223380616149,0.1561556600988391,1.0,0.0,1.0,0.74,0.91,0.59,0.63,0.51,0.66,0.57,0.5933085488882971,0.48727077363152116,0.4222941553216918,0.3837038649736121,0.9281654655801338,0.9278296275595275
71,13,L07,Rim pressure transition group,empty_corner,zone,0.313223380616149,0.1561556600988391,1.0,1.0,0.0,0.6,0.7,0.89,0.6,0.61,0.57,0.83,0.8314696941949384,0.4544194740039622,0.3635423702911859,0.6520675089074552,1.0810405523307107,1.0926211735810616
71,14,L04,Switch-heavy defensive group,horns,pressure,0.313223380616149,0.1561556600988391,1.0,0.0,0.0,0.64,0.61,0.57,0.91,0.68,0.7,0.61,0.5306722519488585,0.3839831075165163,0.2996516256994544,0.5852329746329672,0.5453395318267596,0.9046308217720093
71,15,L10,Player-development evaluation group,post_split,drop,0.313223380616149,0.1561556600988391,0.0,1.0,0.0,0.62,0.49,0.58,0.5,0.52,0.54,0.67,0.6441535701093224,0.4115707630797498,0.5270702953431216,0.546436812021278,0.7108393826273055,1.0361465057768684
71,16,L09,Small-ball offensive group,early_drag,zone,0.313223380616149,0.1561556600988391,1.0,0.0,0.0,0.91,0.76,0.54,0.48,0.36,0.69,0.79,0.6806230021576691,0.35032285311323286,0.444801814151772,0.33047832495484913,0.8442649588565533,1.025377999986177
71,17,L06,Balanced playoff-style unit,horns,size,0.313223380616149,0.1561556600988391,0.0,1.0,1.0,0.76,0.75,0.66,0.79,0.66,0.78,0.63,0.9307094969975072,0.22781212493141867,0.369870354722291,0.5739215444330297,1.4007712686305904,1.2485525897701186
71,18,L06,Balanced playoff-style unit,switch_hunt,drop,0.313223380616149,0.1561556600988391,0.0,1.0,1.0,0.76,0.75,0.66,0.79,0.66,0.78,0.63,0.8445687077862752,0.29555375166232734,0.43298055885979236,0.6465278686931049,1.0341678203626665,1.1765135496130725
71,19,L07,Rim pressure transition group,early_drag,drop,0.313223380616149,0.1561556600988391,0.0,1.0,0.0,0.6,0.7,0.89,0.6,0.61,0.57,0.83,0.7935676808730429,0.3977679942303251,0.4750432466806088,0.576043861392306,1.7680160786191084,1.1212712582991025
71,20,L02,High creation guard unit,switch_hunt,size,0.313223380616149,0.1561556600988391,0.0,0.0,0.0,0.73,0.88,0.67,0.57,0.47,0.62,0.76,0.9059262447283062,0.28492969956382286,0.46595066758374115,0.4647010747501652,1.1869291932456525,1.1350365481382878
71,21,L02,High creation guard unit,empty_corner,drop,0.313223380616149,0.1561556600988391,0.0,1.0,0.0,0.73,0.88,0.67,0.57,0.47,0.62,0.76,0.8379782762220208,0.3565711739532147,0.4177888164458021,0.4117521587803626,1.0086691205092937,1.1141959318972516
71,22,L11,Defensive glass control group,post_split,switch,0.313223380616149,0.1561556600988391,1.0,1.0,0.0,0.58,0.57,0.62,0.86,0.92,0.69,0.49,0.5348697232623867,0.5125473721322233,0.23094476054248317,0.8290935016761194,0.866103020378397,0.8623845388853165
71,23,L04,Switch-heavy defensive group,horns,switch,0.313223380616149,0.1561556600988391,0.0,0.0,0.0,0.64,0.61,0.57,0.91,0.68,0.7,0.61,0.6452388167326067,0.33851718909590073,0.2724872316158873,0.5337046519121784,1.1525857851874108,1.093879402187558
71,24,L05,Bench spacing development group,switch_hunt,size,0.313223380616149,0.1561556600988391,0.0,0.0,0.0,0.81,0.54,0.49,0.52,0.43,0.58,0.71,0.6897879560241412,0.42853444931385837,0.4897778513663955,0.44234364120458913,0.631328155353563,0.9448383025979511
71,25,L02,High creation guard unit,switch_hunt,pace,0.313223380616149,0.1561556600988391,1.0,0.0,1.0,0.73,0.88,0.67,0.57,0.47,0.62,0.76,0.6055911795061092,0.4964234138667185,0.5315260659518948,0.4106292464729624,0.3475836656501553,0.7886184462817297
71,26,L07,Rim pressure transition group,switch_hunt,switch,0.313223380616149,0.1561556600988391,0.0,1.0,0.0,0.6,0.7,0.89,0.6,0.61,0.57,0.83,0.8331751104455514,0.4429044847273957,0.4642274333833944,0.5585292300972983,1.2541725429778756,1.0777126903896221
71,27,L01,Spacing with two-way wings,empty_corner,pressure,0.313223380616149,0.1561556600988391,0.0,1.0,1.0,0.87,0.72,0.61,0.78,0.58,0.74,0.69,0.9274524235719566,0.29381358512867983,0.3738223513752166,0.6011398124607117,1.2632255179100984,1.2264757860817672
71,28,L01,Spacing with two-way wings,spread_pnr,switch,0.313223380616149,0.1561556600988391,0.0,0.0,0.0,0.87,0.72,0.61,0.78,0.58,0.74,0.69,0.7187662443611478,0.3298510782561376,0.2898268170034301,0.5534183413805538,1.4891194808045942,1.125174376265127
71,29,L02,High creation guard unit,switch_hunt,pace,0.313223380616149,0.1561556600988391,0.0,0.0,0.0,0.73,0.88,0.67,0.57,0.47,0.62,0.76,0.7506879222151073,0.34867307062777575,0.45680569057130177,0.36141564129365533,1.210276298577235,1.0593665901865554
71,30,L10,Player-development evaluation group,switch_hunt,switch,0.313223380616149,0.1561556600988391,0.0,0.0,0.0,0.62,0.49,0.58,0.5,0.52,0.54,0.67,0.7069375772363024,0.3341399190623155,0.39421837965020834,0.5312604667844992,1.3520597640258274,1.0280160426178653
71,31,L02,High creation guard unit,spread_pnr,switch,0.313223380616149,0.1561556600988391,0.0,0.0,0.0,0.73,0.88,0.67,0.57,0.47,0.62,0.76,0.8169283143595275,0.26770776674850383,0.5187123790676988,0.4611802499546028,1.5636046311019156,1.1226294297140977
71,32,L08,Low-turnover veteran group,post_split,zone,0.313223380616149,0.1561556600988391,0.0,1.0,0.0,0.69,0.68,0.55,0.69,0.59,0.91,0.52,0.7377575094183382,0.2692860859364544,0.3998971850979115,0.6230533715895494,0.9456782506274761,1.1149390667345778
71,33,L07,Rim pressure transition group,post_split,switch,0.313223380616149,0.1561556600988391,0.0,0.0,1.0,0.6,0.7,0.89,0.6,0.61,0.57,0.83,0.7795377791340925,0.431706665902663,0.4138315194465111,0.6299516188771407,1.0563139298713533,1.101694972577411
71,34,L02,High creation guard unit,switch_hunt,switch,0.313223380616149,0.1561556600988391,1.0,0.0,1.0,0.73,0.88,0.67,0.57,0.47,0.62,0.76,0.5831488053066478,0.3907333783098226,0.4317236854952578,0.48819999652491,1.1204851529390119,0.9278101321561517
71,35,L09,Small-ball offensive group,empty_corner,drop,0.313223380616149,0.1561556600988391,0.0,0.0,0.0,0.91,0.76,0.54,0.48,0.36,0.69,0.79,0.7886200612382741,0.4010888124519641,0.5436874575936281,0.3833212796453637,0.9078174063034173,1.0632048957727789
71,36,L11,Defensive glass control group,spread_pnr,switch,0.313223380616149,0.1561556600988391,0.0,0.0,0.0,0.58,0.57,0.62,0.86,0.92,0.69,0.49,0.6780952977448192,0.4187799022748159,0.27936670112888323,0.8411405813402297,0.8524663241367995,1.0886531146447616
71,37,L09,Small-ball offensive group,empty_corner,zone,0.313223380616149,0.1561556600988391,0.0,1.0,0.0,0.91,0.76,0.54,0.48,0.36,0.69,0.79,0.822820448540339,0.3789811921901255,0.53059077586913,0.3846955905037117,1.1585134110952988,1.0587110926831582
71,38,L05,Bench spacing development group,empty_corner,drop,0.313223380616149,0.1561556600988391,1.0,0.0,1.0,0.81,0.54,0.49,0.52,0.43,0.58,0.71,0.6376111658616913,0.4478856040421124,0.39936444115532976,0.3701859612386392,0.7244494787003469,0.9703122307749513
71,39,L02,High creation guard unit,early_drag,pressure,0.313223380616149,0.1561556600988391,0.0,1.0,0.0,0.73,0.88,0.67,0.57,0.47,0.62,0.76,0.9043069365247062,0.39307372381080535,0.5423011172826954,0.5370605970481807,1.2191405192800144,1.0920453625749733
71,40,L01,Spacing with two-way wings,early_drag,zone,0.313223380616149,0.1561556600988391,0.0,0.0,0.0,0.87,0.72,0.61,0.78,0.58,0.74,0.69,0.8387747682726903,0.34556246440550015,0.40599189240050254,0.6128831360408203,0.7984220356950729,1.1385525770741487
71,41,L07,Rim pressure transition group,early_drag,pace,0.313223380616149,0.1561556600988391,0.0,1.0,0.0,0.6,0.7,0.89,0.6,0.61,0.57,0.83,0.8230154205611993,0.390012015419634,0.38356051011186143,0.5997997205685899,1.2910376927461522,1.109962137385904
71,42,L12,Late-clock creation group,post_split,pace,0.313223380616149,0.1561556600988391,0.0,0.0,0.0,0.74,0.91,0.59,0.63,0.51,0.66,0.57,0.7618989036641931,0.41171045029703784,0.42620995464356376,0.48677076732329133,1.3259247374791465,1.0461425653042888
71,43,L01,Spacing with two-way wings,early_drag,pace,0.313223380616149,0.1561556600988391,0.0,0.0,0.0,0.87,0.72,0.61,0.78,0.58,0.74,0.69,0.8567998552777105,0.25457409466651154,0.3552400417548267,0.6624780190122959,0.9944527159702747,1.2500222082885541
71,44,L12,Late-clock creation group,horns,size,0.313223380616149,0.1561556600988391,0.0,1.0,0.0,0.74,0.91,0.59,0.63,0.51,0.66,0.57,0.8013769247970942,0.35896086569252506,0.41376975937767446,0.5025396549957861,0.6765861604485468,1.067692186592029
71,45,L05,Bench spacing development group,switch_hunt,size,0.313223380616149,0.1561556600988391,0.0,0.0,0.0,0.81,0.54,0.49,0.52,0.43,0.58,0.71,0.748713715598663,0.35987381847942856,0.5016195518861088,0.5047408844252236,1.5937981399652132,1.0937640858762352
71,46,L05,Bench spacing development group,switch_hunt,size,0.313223380616149,0.1561556600988391,0.0,1.0,1.0,0.81,0.54,0.49,0.52,0.43,0.58,0.71,0.7440674478159387,0.484349465927837,0.41914077724533516,0.3028576380605447,1.2276747912658486,1.0925667686802465
71,47,L06,Balanced playoff-style unit,early_drag,pressure,0.313223380616149,0.1561556600988391,0.0,1.0,0.0,0.76,0.75,0.66,0.79,0.66,0.78,0.63,0.7690787859013012,0.310133250568942,0.34585767194938105,0.561259088463232,1.2273334286828337,1.1435061587466953
71,48,L02,High creation guard unit,empty_corner,pace,0.313223380616149,0.1561556600988391,0.0,0.0,0.0,0.73,0.88,0.67,0.57,0.47,0.62,0.76,0.7809763481176366,0.3950424908076264,0.44108034056336753,0.3761702478526806,1.011609690964575,1.0572367121157746
71,49,L07,Rim pressure transition group,horns,pressure,0.313223380616149,0.1561556600988391,1.0,0.0,0.0,0.6,0.7,0.89,0.6,0.61,0.57,0.83,0.7430199560210075,0.4495307416477622,0.43525321101733644,0.5697599142414389,0.8960021216333781,1.0291483801411163
71,50,L06,Balanced playoff-style unit,early_drag,size,0.313223380616149,0.1561556600988391,0.0,1.0,0.0,0.76,0.75,0.66,0.79,0.66,0.78,0.63,0.9194149156106426,0.331431152556863,0.33418982408172226,0.5934922633024003,1.1152266750693756,1.1352210364246362
71,51,L06,Balanced playoff-style unit,switch_hunt,pressure,0.313223380616149,0.1561556600988391,1.0,1.0,0.0,0.76,0.75,0.66,0.79,0.66,0.78,0.63,0.6450058672267724,0.36369937238787153,0.3701014042760042,0.5866928877766122,1.3233736625145476,1.095420959890489
71,52,L01,Spacing with two-way wings,post_split,switch,0.313223380616149,0.1561556600988391,0.0,0.0,1.0,0.87,0.72,0.61,0.78,0.58,0.74,0.69,0.7688261238482627,0.2500508319112761,0.37133885707843706,0.6649085476137782,0.37044888415619676,1.1400823761294123
71,53,L09,Small-ball offensive group,horns,pace,0.313223380616149,0.1561556600988391,0.0,0.0,0.0,0.91,0.76,0.54,0.48,0.36,0.69,0.79,0.8058097767534421,0.41787248240517844,0.5624124710303592,0.3826127474808776,1.3483487827548772,0.9941363364878597
72,0,L07,Rim pressure transition group,early_drag,zone,-0.17202943224815026,0.11299167692086487,0.0,0.0,0.0,0.6,0.7,0.89,0.6,0.61,0.57,0.83,0.7302068524390244,0.4961473958736735,0.5103746201393052,0.6695938570258857,1.1155157074854352,0.9926908189669013
72,1,L12,Late-clock creation group,post_split,switch,-0.17202943224815026,0.11299167692086487,0.0,0.0,0.0,0.74,0.91,0.59,0.63,0.51,0.66,0.57,0.8400187458594219,0.30815027599239764,0.4021619993778128,0.4988772912932049,0.8134853124252553,1.163648366005301
72,2,L03,Big frontcourt rebound unit,spread_pnr,switch,-0.17202943224815026,0.11299167692086487,0.0,0.0,0.0,0.55,0.58,0.76,0.74,0.88,0.65,0.54,0.7179945353685058,0.3325234575134101,0.34111841464468473,0.7775583067358185,0.9758466452191881,1.1418275748388431
72,3,L09,Small-ball offensive group,post_split,drop,-0.17202943224815026,0.11299167692086487,1.0,1.0,1.0,0.91,0.76,0.54,0.48,0.36,0.69,0.79,0.6220470299347819,0.3933864613069066,0.5086551125658263,0.5371261365254867,0.6819419919563406,0.9857141187107584
72,4,L04,Switch-heavy defensive group,empty_corner,pace,-0.17202943224815026,0.11299167692086487,1.0,0.0,0.0,0.64,0.61,0.57,0.91,0.68,0.7,0.61,0.513912422524339,0.4679595576981436,0.24169083989206938,0.6219992977027863,0.9750671205380619,1.0326935030625934
72,5,L05,Bench spacing development group,switch_hunt,drop,-0.17202943224815026,0.11299167692086487,0.0,0.0,0.0,0.81,0.54,0.49,0.52,0.43,0.58,0.71,0.772375034757107,0.34906247617330477,0.49666139892916206,0.5750860277467541,1.3341215976799574,1.141814107191238
72,6,L06,Balanced playoff-style unit,empty_corner,pace,-0.17202943224815026,0.11299167692086487,0.0,0.0,1.0,0.76,0.75,0.66,0.79,0.66,0.78,0.63,0.670026990999154,0.2575330501325349,0.331305695605995,0.5770895907452083,1.369547530972321,1.0724037084863411
72,7,L11,Defensive glass control group,early_drag,switch,-0.17202943224815026,0.11299167692086487,0.0,1.0,1.0,0.58,0.57,0.62,0.86,0.92,0.69,0.49,0.8407772701239653,0.3478820193311716,0.18116652025551688,0.7552730337755069,1.1194241141929921,1.1484409643266191
72,8,L02,High creation guard unit,post_split,size,-0.17202943224815026,0.11299167692086487,0.0,1.0,0.0,0.73,0.88,0.67,0.57,0.47,0.62,0.76,0.9236730808891113,0.3640404361766833,0.3947000075525312,0.41636984214117817,1.1539961066414168,1.1196486891768112
72,9,L12,Late-clock creation group,post_split,size,-0.17202943224815026,0.11299167692086487,0.0,0.0,1.0,0.74,0.91,0.59,0.63,0.51,0.66,0.57,0.7843646074983874,0.3022148755603767,0.2958159876538071,0.5851459448497416,1.1522462967043634,1.1539165508031881
72,10,L08,Low-turnover veteran group,horns,zone,-0.17202943224815026,0.11299167692086487,0.0,0.0,0.0,0.69,0.68,0.55,0.69,0.59,0.91,0.52,0.7024983323100189,0.2160498298713718,0.38797705512619507,0.6414783616992276,1.4344054344633312,1.0819128449279227
72,11,L08,Low-turnover veteran group,post_split,pace,-0.17202943224815026,0.11299167692086487,0.0,1.0,0.0,0.69,0.68,0.55,0.69,0.59,0.91,0.52,0.8000336341010107,0.26964316564032187,0.3673671270559678,0.6321592419263691,0.8473030365684486,1.2314852596665602
72,12,L06,Balanced playoff-style unit,empty_corner,pressure,-0.17202943224815026,0.11299167692086487,0.0,1.0,0.0,0.76,0.75,0.66,0.79,0.66,0.78,0.63,0.9014244506993919,0.2882565105917068,0.4055753538845056,0.6513995786914509,1.5224955612617768,1.2395981670429224
72,13,L06,Balanced playoff-style unit,spread_pnr,pressure,-0.17202943224815026,0.11299167692086487,0.0,0.0,1.0,0.76,0.75,0.66,0.79,0.66,0.78,0.63,0.821113528240658,0.25482150420914973,0.4815068510375521,0.5797183261970487,1.2959938198881826,1.136185724457207
72,14,L02,High creation guard unit,spread_pnr,size,-0.17202943224815026,0.11299167692086487,1.0,0.0,0.0,0.73,0.88,0.67,0.57,0.47,0.62,0.76,0.7499884159766727,0.411003624353953,0.4418382939340756,0.4898435118235743,0.7693433512440808,1.0577626614145026
72,15,L01,Spacing with two-way wings,empty_corner,zone,-0.17202943224815026,0.11299167692086487,0.0,0.0,0.0,0.87,0.72,0.61,0.78,0.58,0.74,0.69,0.8034630245194565,0.30304272668785376,0.3511522476491624,0.5609619029100174,1.2874137231446945,1.2349740196579955
72,16,L10,Player-development evaluation group,post_split,drop,-0.17202943224815026,0.11299167692086487,1.0,0.0,0.0,0.62,0.49,0.58,0.5,0.52,0.54,0.67,0.5488872611920017,0.478969305515251,0.4735411288394456,0.6877833412362008,1.2648391260778369,0.9263827819597307
72,17,L11,Defensive glass control group,spread_pnr,size,-0.17202943224815026,0.11299167692086487,0.0,1.0,1.0,0.58,0.57,0.62,0.86,0.92,0.69,0.49,0.795310302228516,0.3506404461441293,0.28024663393853316,0.8137216869492697,1.3813369753314264,1.1674511124013098
72,18,L08,Low-turnover veteran group,post_split,switch,-0.17202943224815026,0.11299167692086487,0.0,0.0,1.0,0.69,0.68,0.55,0.69,0.59,0.91,0.52,0.5658908215478631,0.2035260586317882,0.2697123695968463,0.5755819397821753,0.6452040907404927,1.0391947534095072
72,19,L01,Spacing with two-way wings,empty_corner,zone,-0.17202943224815026,0.11299167692086487,0.0,0.0,0.0,0.87,0.72,0.61,0.78,0.58,0.74,0.69,0.7896130325947195,0.4116795923552551,0.3791033959486494,0.6416112963047986,0.8313140185005732,1.151537261517445
72,20,L06,Balanced playoff-style unit,empty_corner,size,-0.17202943224815026,0.11299167692086487,0.0,0.0,0.0,0.76,0.75,0.66,0.79,0.66,0.78,0.63,0.8032672701107776,0.2081908267874361,0.38495969978259975,0.6471215949656896,0.7268853987561394,1.2713629947688125
72,21,L11,Defensive glass control group,early_drag,switch,-0.17202943224815026,0.11299167692086487,0.0,0.0,0.0,0.58,0.57,0.62,0.86,0.92,0.69,0.49,0.6042958121848363,0.35880073006153784,0.265683140202163,0.8602832554621777,0.9244920437824647,1.0996717169463002
72,22,L05,Bench spacing development group,spread_pnr,drop,-0.17202943224815026,0.11299167692086487,1.0,0.0,0.0,0.81,0.54,0.49,0.52,0.43,0.58,0.71,0.616272542599923,0.4282863830041037,0.3920311634733153,0.3995783618322826,0.7470937472230925,0.9386030730361301
72,23,L11,Defensive glass control group,horns,pace,-0.17202943224815026,0.11299167692086487,0.0,0.0,0.0,0.58,0.57,0.62,0.86,0.92,0.69,0.49,0.7660650904767402,0.30908968219617,0.26418147068022213,0.8052713003008054,1.2221686473388376,1.193538702773644
72,24,L09,Small-ball offensive group,switch_hunt,pace,-0.17202943224815026,0.11299167692086487,0.0,1.0,0.0,0.91,0.76,0.54,0.48,0.36,0.69,0.79,0.8419159384133438,0.2669259641880416,0.49815621843500546,0.5463119831825662,1.0831407823875425,1.1091835215635983
72,25,L09,Small-ball offensive group,empty_corner,pace,-0.17202943224815026,0.11299167692086487,1.0,0.0,1.0,0.91,0.76,0.54,0.48,0.36,0.69,0.79,0.643040614870096,0.3693823725784686,0.5376373988420327,0.4019725475072175,0.6840553844241899,1.04100868680587
72,26,L02,High creation guard unit,spread_pnr,zone,-0.17202943224815026,0.11299167692086487,0.0,1.0,1.0,0.73,0.88,0.67,0.57,0.47,0.62,0.76,0.95,0.3399300102791155,0.434729023898728,0.56295354863297,1.0931130020864006,1.1665685811316069
72,27,L06,Balanced playoff-style unit,early_drag,pace,-0.17202943224815026,0.11299167692086487,0.0,0.0,0.0,0.76,0.75,0.66,0.79,0.66,0.78,0.63,0.7007579757241159,0.22641287266094737,0.37644082476053553,0.7027739997024863,0.8427142298896974,1.123198802665841
72,28,L12,Late-clock creation group,horns,pressure,-0.17202943224815026,0.11299167692086487,0.0,0.0,0.0,0.74,0.91,0.59,0.63,0.51,0.66,0.57,0.8955228327941673,0.3298875782122371,0.4491719829834545,0.5449404602880119,1.4581300822604042,1.118708641238735
72,29,L09,Small-ball offensive group,early_drag,switch,-0.17202943224815026,0.11299167692086487,0.0,1.0,0.0,0.91,0.76,0.54,0.48,0.36,0.69,0.79,0.8639900206019795,0.3204497689098342,0.4712759029229465,0.5462991226332458,1.6601277900590412,1.1371674291222207
72,30,L05,Bench spacing development group,post_split,switch,-0.17202943224815026,0.11299167692086487,1.0,0.0,0.0,0.81,0.54,0.49,0.52,0.43,0.58,0.71,0.5162923275910968,0.46995108665578633,0.405323090304025,0.549338924422228,0.7231127929921224,0.9137791664238278
72,31,L08,Low-turnover veteran group,empty_corner,pressure,-0.17202943224815026,0.11299167692086487,1.0,0.0,0.0,0.69,0.68,0.55,0.69,0.59,0.91,0.52,0.6340480364847653,0.35214057711409663,0.35107980153525425,0.5795249178062232,0.4429943224151963,1.0661378739541296
72,32,L06,Balanced playoff-style unit,spread_pnr,pace,-0.17202943224815026,0.11299167692086487,0.0,0.0,0.0,0.76,0.75,0.66,0.79,0.66,0.78,0.63,0.7394492253949042,0.2545848779913919,0.3580788475272646,0.6793015700488386,1.2507859801874486,1.1741485503026932
72,33,L01,Spacing with two-way wings,early_drag,zone,-0.17202943224815026,0.11299167692086487,0.0,0.0,0.0,0.87,0.72,0.61,0.78,0.58,0.74,0.69,0.8460844465640566,0.2509822516694147,0.2652195431106267,0.5983166212687523,1.4009672410755991,1.2541314905557883
72,34,L09,Small-ball offensive group,early_drag,drop,-0.17202943224815026,0.11299167692086487,0.0,1.0,0.0,0.91,0.76,0.54,0.48,0.36,0.69,0.79,0.7362895146833363,0.3520094553986929,0.4666465449854482,0.42409520268287326,1.4516188378105863,1.0780114244675725
72,35,L10,Player-development evaluation group,early_drag,pace,-0.17202943224815026,0.11299167692086487,0.0,1.0,0.0,0.62,0.49,0.58,0.5,0.52,0.54,0.67,0.7267667156282935,0.30619672786209834,0.4983441994012005,0.7299240666625205,1.0117601865193155,1.176520244639351
72,36,L10,Player-development evaluation group,early_drag,pace,-0.17202943224815026,0.11299167692086487,0.0,0.0,0.0,0.62,0.49,0.58,0.5,0.52,0.54,0.67,0.6462036006526779,0.3060446401759937,0.5195809767874157,0.5060749134687402,1.273940688504686,1.0495075972584287
72,37,L09,Small-ball offensive group,spread_pnr,drop,-0.17202943224815026,0.11299167692086487,0.0,0.0,1.0,0.91,0.76,0.54,0.48,0.36,0.69,0.79,0.7444784245961515,0.3444079952319596,0.4055524078270317,0.5533333947467785,1.189180866339912,1.1012880200307384
72,38,L08,Low-turnover veteran group,early_drag,zone,-0.17202943224815026,0.11299167692086487,0.0,0.0,0.0,0.69,0.68,0.55,0.69,0.59,0.91,0.52,0.7397051560285951,0.2402362096749444,0.36981278251392286,0.7026319226546103,0.8567098471088017,1.1705878185338692
72,39,L08,Low-turnover veteran group,early_drag,drop,-0.17202943224815026,0.11299167692086487,0.0,0.0,0.0,0.69,0.68,0.55,0.69,0.59,0.91,0.52,0.7182407834502313,0.23629094400612796,0.3315298420022833,0.7634052087072846,1.1572267134405314,1.1869449549898308
72,40,L04,Switch-heavy defensive group,spread_pnr,switch,-0.17202943224815026,0.11299167692086487,0.0,0.0,0.0,0.64,0.61,0.57,0.91,0.68,0.7,0.61,0.7465400357691021,0.3103636085195969,0.24558962920709335,0.5369793253154378,0.981212409605414,1.123180987446714
72,41,L10,Player-development evaluation group,empty_corner,switch,-0.17202943224815026,0.11299167692086487,0.0,1.0,0.0,0.62,0.49,0.58,0.5,0.52,0.54,0.67,0.7536226280867175,0.3290968132164989,0.47497903139597364,0.5166647157793709,0.85437408981687,1.1212678440679744
72,42,L04,Switch-heavy defensive group,early_drag,zone,-0.17202943224815026,0.11299167692086487,0.0,0.0,0.0,0.64,0.61,0.57,0.91,0.68,0.7,0.61,0.7476776227758428,0.3619133671808027,0.31085285597710116,0.632018476314857,0.7341176675015495,1.107960243217392
72,43,L09,Small-ball offensive group,empty_corner,pressure,-0.17202943224815026,0.11299167692086487,0.0,0.0,0.0,0.91,0.76,0.54,0.48,0.36,0.69,0.79,0.840761408223024,0.28584565365665193,0.46452309761557636,0.49559096724282137,1.655188026106527,1.1079182380315993
72,44,L02,High creation guard unit,early_drag,drop,-0.17202943224815026,0.11299167692086487,0.0,0.0,0.0,0.73,0.88,0.67,0.57,0.47,0.62,0.76,0.7170396114948474,0.37006190905021585,0.4628390693643521,0.5978605363533102,0.47392343916349045,1.0883967544012036
72,45,L06,Balanced playoff-style unit,post_split,size,-0.17202943224815026,0.11299167692086487,0.0,0.0,1.0,0.76,0.75,0.66,0.79,0.66,0.78,0.63,0.7352231528172549,0.2665632983655254,0.31533480713717543,0.6512783040424769,1.3772888903853522,1.170680846444671
72,46,L09,Small-ball offensive group,horns,pressure,-0.17202943224815026,0.11299167692086487,0.0,0.0,0.0,0.91,0.76,0.54,0.48,0.36,0.69,0.79,0.8130603748879035,0.30945342037087453,0.49569962670851386,0.40526862629665844,1.3246615028321869,1.1112555889431848
72,47,L04,Switch-heavy defensive group,spread_pnr,pressure,-0.17202943224815026,0.11299167692086487,0.0,1.0,0.0,0.64,0.61,0.57,0.91,0.68,0.7,0.61,0.7276675039946376,0.31296440222939914,0.25659943938024743,0.6879380147482689,0.6778549925576076,1.1481907600591783
72,48,L04,Switch-heavy defensive group,switch_hunt,zone,-0.17202943224815026,0.11299167692086487,1.0,0.0,0.0,0.64,0.61,0.57,0.91,0.68,0.7,0.61,0.5538501578309118,0.4957763172655831,0.3082519877325196,0.6446562903478367,0.634940417097689,0.8188994282183567
72,49,L09,Small-ball offensive group,horns,switch,-0.17202943224815026,0.11299167692086487,0.0,1.0,0.0,0.91,0.76,0.54,0.48,0.36,0.69,0.79,0.7980127463351446,0.26437577526174943,0.4994497565670532,0.49847002358213033,0.8366879015882352,1.0995496062579373
72,50,L05,Bench spacing development group,early_drag,zone,-0.17202943224815026,0.11299167692086487,0.0,0.0,0.0,0.81,0.54,0.49,0.52,0.43,0.58,0.71,0.7187421907958206,0.34960894449278085,0.5346289045514289,0.5825860908670786,1.259010132060275,1.1189224501711208
72,51,L12,Late-clock creation group,spread_pnr,pace,-0.17202943224815026,0.11299167692086487,0.0,1.0,0.0,0.74,0.91,0.59,0.63,0.51,0.66,0.57,0.7758787490674284,0.3026038644793624,0.4762871707216744,0.584956560893699,1.1731349382019576,1.136768389120067
72,52,L06,Balanced playoff-style unit,empty_corner,pace,-0.17202943224815026,0.11299167692086487,0.0,1.0,0.0,0.76,0.75,0.66,0.79,0.66,0.78,0.63,0.8626527235814013,0.32371165622960796,0.3551737830884012,0.7471665197865963,1.3248644827715963,1.194398275367722
72,53,L08,Low-turnover veteran group,spread_pnr,pressure,-0.17202943224815026,0.11299167692086487,1.0,0.0,0.0,0.69,0.68,0.55,0.69,0.59,0.91,0.52,0.6078603640678368,0.41671039939226084,0.3374433146279234,0.6272034257948258,0.9915394293856914,0.9847047584618535
73,0,L06,Balanced playoff-style unit,horns,pace,0.8933718980553035,0.30208431725344465,0.0,0.0,0.0,0.76,0.75,0.66,0.79,0.66,0.78,0.63,0.8248833551712854,0.3871668253366996,0.32555117507953596,0.5221967991986591,1.1302874243141476,1.061589661129976
73,1,L07,Rim pressure transition group,horns,pace,0.8933718980553035,0.30208431725344465,0.0,0.0,0.0,0.6,0.7,0.89,0.6,0.61,0.57,0.83,0.8142925577723975,0.525868153658548,0.3742093888556932,0.5238487170983243,0.9467135051288883,1.044334301725115
73,2,L05,Bench spacing development group,switch_hunt,pace,0.8933718980553035,0.30208431725344465,0.0,0.0,0.0,0.81,0.54,0.49,0.52,0.43,0.58,0.71,0.7866882963205182,0.40328876289198906,0.480418107758015,0.3414604230790295,0.3148200667770408,1.0149460098888847
73,3,L10,Player-development evaluation group,post_split,zone,0.8933718980553035,0.30208431725344465,1.0,0.0,0.0,0.62,0.49,0.58,0.5,0.52,0.54,0.67,0.4832321517881879,0.6026278811489377,0.6106554926472983,0.45498076952353683,0.3579688079013867,0.7125721714417868
73,4,L10,Player-development evaluation group,early_drag,drop,0.8933718980553035,0.30208431725344465,0.0,0.0,0.0,0.62,0.49,0.58,0.5,0.52,0.54,0.67,0.6568957092039914,0.37987556125945066,0.5177861014824351,0.39109790280058854,0.9975695489457378,0.9622332157482992
73,5,L08,Low-turnover veteran group,switch_hunt,switch,0.8933718980553035,0.30208431725344465,1.0,0.0,0.0,0.69,0.68,0.55,0.69,0.59,0.91,0.52,0.5931667669209855,0.4734428689564383,0.37465440240600184,0.4327587907066913,0.6545521067417015,0.781613727636078
73,6,L07,Rim pressure transition group,switch_hunt,switch,0.8933718980553035,0.30208431725344465,0.0,0.0,0.0,0.6,0.7,0.89,0.6,0.61,0.57,0.83,0.6628338841997315,0.3936071487808368,0.4757975269106766,0.5012695358245317,0.29120671740398035,0.9677319295173971
73,7,L01,Spacing with two-way wings,spread_pnr,drop,0.8933718980553035,0.30208431725344465,0.0,0.0,0.0,0.87,0.72,0.61,0.78,0.58,0.74,0.69,0.7878821938746515,0.3465070552673448,0.36608185997744036,0.46155470369235096,1.6901080563100053,1.0807572251644904
73,8,L01,Spacing with two-way wings,post_split,switch,0.8933718980553035,0.30208431725344465,0.0,0.0,1.0,0.87,0.72,0.61,0.78,0.58,0.74,0.69,0.8127860617034608,0.41951715706178017,0.46909557138977664,0.5233402962729911,1.302979649788581,1.0273748934356997
73,9,L10,Player-development evaluation group,switch_hunt,pressure,0.8933718980553035,0.30208431725344465,0.0,0.0,0.0,0.62,0.49,0.58,0.5,0.52,0.54,0.67,0.7496975932796685,0.5008200085338932,0.46341999266035705,0.5373958438814769,0.7889597433696047,1.010360082193237
73,10,L06,Balanced playoff-style unit,early_drag,size,0.8933718980553035,0.30208431725344465,0.0,1.0,0.0,0.76,0.75,0.66,0.79,0.66,0.78,0.63,0.8506622669241027,0.42109171487138425,0.19473842613942713,0.5934374695047951,0.6725926001879436,1.1154607898485263
73,11,L06,Balanced playoff-style unit,post_split,size,0.8933718980553035,0.30208431725344465,1.0,0.0,0.0,0.76,0.75,0.66,0.79,0.66,0.78,0.63,0.6178515223677689,0.6022870916201186,0.2918369502834137,0.47267331449777583,0.762268665479629,0.7868530520234918
73,12,L07,Rim pressure transition group,spread_pnr,pressure,0.8933718980553035,0.30208431725344465,0.0,1.0,1.0,0.6,0.7,0.89,0.6,0.61,0.57,0.83,0.9272028662885795,0.42939768668924994,0.45921529167408515,0.5361458971522874,1.1403025949719925,1.1279094678815038
73,13,L06,Balanced playoff-style unit,spread_pnr,switch,0.8933718980553035,0.30208431725344465,0.0,0.0,0.0,0.76,0.75,0.66,0.79,0.66,0.78,0.63,0.7214634951428116,0.2985591153753634,0.3656196420422507,0.5367831889153921,1.549316222324485,1.090573536911936
73,14,L03,Big frontcourt rebound unit,spread_pnr,zone,0.8933718980553035,0.30208431725344465,0.0,0.0,1.0,0.55,0.58,0.76,0.74,0.88,0.65,0.54,0.8069550142331314,0.45279110076797846,0.3588302062747744,0.7149603976754236,1.279438949718088,1.0605153299763237
73,15,L11,Defensive glass control group,early_drag,size,0.8933718980553035,0.30208431725344465,0.0,0.0,1.0,0.58,0.57,0.62,0.86,0.92,0.69,0.49,0.6874844817814312,0.40566527596422586,0.2768878531069094,0.7058154969011023,1.463362631174634,1.0978263124640968
73,16,L06,Balanced playoff-style unit,post_split,switch,0.8933718980553035,0.30208431725344465,0.0,1.0,0.0,0.76,0.75,0.66,0.79,0.66,0.78,0.63,0.8603755781539321,0.4390195475034915,0.26171753006088566,0.5624378950076525,1.763859399044348,1.0732106883704913
73,17,L04,Switch-heavy defensive group,empty_corner,pace,0.8933718980553035,0.30208431725344465,0.0,0.0,0.0,0.64,0.61,0.57,0.91,0.68,0.7,0.61,0.6478782194663328,0.35279713081409625,0.3418971744970649,0.6368971673965643,1.1354489700592412,1.0725333915861737
73,18,L10,Player-development evaluation group,early_drag,drop,0.8933718980553035,0.30208431725344465,1.0,0.0,1.0,0.62,0.49,0.58,0.5,0.52,0.54,0.67,0.48886760918931393,0.5621118625330468,0.48305498100557925,0.3938593224304625,0.43627959578669173,0.7095679891650233
73,19,L07,Rim pressure transition group,horns,size,0.8933718980553035,0.30208431725344465,1.0,1.0,0.0,0.6,0.7,0.89,0.6,0.61,0.57,0.83,0.7121265277054879,0.5088950398624241,0.34920800499913457,0.4757201897502741,0.5414543303596521,1.0070876101419952
73,20,L03,Big frontcourt rebound unit,post_split,pressure,0.8933718980553035,0.30208431725344465,0.0,0.0,0.0,0.55,0.58,0.76,0.74,0.88,0.65,0.54,0.6772834525824731,0.5054508332993831,0.27059070162998416,0.7509041415995694,0.8665508970860732,1.048343070653296
73,21,L02,High creation guard unit,early_drag,zone,0.8933718980553035,0.30208431725344465,0.0,0.0,0.0,0.73,0.88,0.67,0.57,0.47,0.62,0.76,0.6735541240823923,0.4542523293077993,0.4701114404622038,0.3119329617667515,1.1654256244008692,0.9771229968853201
73,22,L06,Balanced playoff-style unit,switch_hunt,drop,0.8933718980553035,0.30208431725344465,0.0,0.0,1.0,0.76,0.75,0.66,0.79,0.66,0.78,0.63,0.7602445761091127,0.4232479768907132,0.3566722625820075,0.6205054022216528,1.061159146864638,1.0843142798741026
73,23,L08,Low-turnover veteran group,horns,switch,0.8933718980553035,0.30208431725344465,0.0,0.0,0.0,0.69,0.68,0.55,0.69,0.59,0.91,0.52,0.7471968499864081,0.42152621639143817,0.3602717962366577,0.45846427873667156,0.9569599009362401,1.029840099494707
73,24,L03,Big frontcourt rebound unit,switch_hunt,pressure,0.8933718980553035,0.30208431725344465,0.0,0.0,0.0,0.55,0.58,0.76,0.74,0.88,0.65,0.54,0.6936403352849378,0.4739330780797797,0.2642560152907079,0.6826423591313622,1.3072269054066037,1.032325603440867
73,25,L11,Defensive glass control group,horns,size,0.8933718980553035,0.30208431725344465,0.0,0.0,0.0,0.58,0.57,0.62,0.86,0.92,0.69,0.49,0.6351005214007146,0.3841540698983985,0.24098774584373103,0.7599066073522178,0.6153496171781465,1.127262157056958
73,26,L09,Small-ball offensive group,early_drag,zone,0.8933718980553035,0.30208431725344465,0.0,0.0,0.0,0.91,0.76,0.54,0.48,0.36,0.69,0.79,0.842218318427527,0.38903580834750834,0.5060734097656188,0.17241138196754693,0.8819788263585832,1.0087252314638717
73,27,L12,Late-clock creation group,spread_pnr,pressure,0.8933718980553035,0.30208431725344465,0.0,0.0,0.0,0.74,0.91,0.59,0.63,0.51,0.66,0.57,0.95,0.41785100590442487,0.4765556563662586,0.32965934553079673,0.5424620605380615,1.0807033226714267
73,28,L05,Bench spacing development group,switch_hunt,drop,0.8933718980553035,0.30208431725344465,0.0,0.0,0.0,0.81,0.54,0.49,0.52,0.43,0.58,0.71,0.7055590043905338,0.41833927887279426,0.43584195746744936,0.3133536747042247,0.9923543151677479,0.985021228973057
73,29,L03,Big frontcourt rebound unit,early_drag,pressure,0.8933718980553035,0.30208431725344465,0.0,0.0,1.0,0.55,0.58,0.76,0.74,0.88,0.65,0.54,0.6777178446205433,0.434795717841601,0.3660751594231431,0.6018667706883994,1.056475953774201,1.0159299670532305
73,30,L06,Balanced playoff-style unit,post_split,size,0.8933718980553035,0.30208431725344465,1.0,0.0,0.0,0.76,0.75,0.66,0.79,0.66,0.78,0.63,0.6169053027959547,0.5249405213995857,0.3838922368142081,0.5999979165221714,0.7619765393924179,0.8324743512808894
73,31,L04,Switch-heavy defensive group,switch_hunt,pace,0.8933718980553035,0.30208431725344465,0.0,1.0,0.0,0.64,0.61,0.57,0.91,0.68,0.7,0.61,0.8560931767240059,0.4502306886993203,0.27777347284479315,0.5244688050076757,1.372050564703306,1.0835376104798051
73,32,L03,Big frontcourt rebound unit,spread_pnr,pace,0.8933718980553035,0.30208431725344465,1.0,0.0,0.0,0.55,0.58,0.76,0.74,0.88,0.65,0.54,0.5466082378328233,0.551056285550505,0.29791682837657013,0.7907380714344793,0.7409549759136687,0.7609697863882741
73,33,L08,Low-turnover veteran group,switch_hunt,pressure,0.8933718980553035,0.30208431725344465,0.0,1.0,0.0,0.69,0.68,0.55,0.69,0.59,0.91,0.52,0.7972101589826514,0.27802587074587864,0.35702281952081755,0.48728200273968675,1.1970379751054272,1.0835327263188437
73,34,L08,Low-turnover veteran group,early_drag,size,0.8933718980553035,0.30208431725344465,0.0,0.0,1.0,0.69,0.68,0.55,0.69,0.59,0.91,0.52,0.7191365350972,0.29681396691295364,0.29821691198302686,0.4988217385686273,0.7534774625655952,1.0829176804294844
73,35,L05,Bench spacing development group,switch_hunt,zone,0.8933718980553035,0.30208431725344465,0.0,0.0,0.0,0.81,0.54,0.49,0.52,0.43,0.58,0.71,0.6984193090709441,0.43018542642439594,0.4703175784337789,0.44469439161615243,0.4114958557609938,0.9508451718378649
73,36,L02,High creation guard unit,spread_pnr,pressure,0.8933718980553035,0.30208431725344465,1.0,1.0,0.0,0.73,0.88,0.67,0.57,0.47,0.62,0.76,0.6385025318548476,0.48152778055791634,0.44943118832477025,0.44743717355417306,0.8557514313348178,0.9993830408466196
73,37,L02,High creation guard unit,switch_hunt,pace,0.8933718980553035,0.30208431725344465,0.0,1.0,0.0,0.73,0.88,0.67,0.57,0.47,0.62,0.76,0.9244171860143648,0.4893105312308552,0.4114824019838391,0.37763879151631097,1.2881766637294874,1.0191530538649485
73,38,L07,Rim pressure transition group,early_drag,drop,0.8933718980553035,0.30208431725344465,0.0,0.0,0.0,0.6,0.7,0.89,0.6,0.61,0.57,0.83,0.7299139413210619,0.48013523892741883,0.38630816838932924,0.5929357581116906,1.6929927480860487,1.084428354253051
73,39,L05,Bench spacing development group,empty_corner,pressure,0.8933718980553035,0.30208431725344465,0.0,1.0,0.0,0.81,0.54,0.49,0.52,0.43,0.58,0.71,0.6923792654921876,0.41110474838635175,0.4972189320975307,0.33842766012548514,0.8150219241088122,0.9749351180051266
73,40,L02,High creation guard unit,empty_corner,zone,0.8933718980553035,0.30208431725344465,0.0,0.0,1.0,0.73,0.88,0.67,0.57,0.47,0.62,0.76,0.8356421868754272,0.4720300900805948,0.41511283120376424,0.3672499421254053,0.8980624330844486,1.0337828532996325
73,41,L06,Balanced playoff-style unit,horns,switch,0.8933718980553035,0.30208431725344465,0.0,0.0,0.0,0.76,0.75,0.66,0.79,0.66,0.78,0.63,0.8287812096693679,0.4111097247862095,0.31190145270707303,0.5972513061469367,1.2876940317997243,1.0639377577282074
73,42,L10,Player-development evaluation group,spread_pnr,pressure,0.8933718980553035,0.30208431725344465,0.0,0.0,0.0,0.62,0.49,0.58,0.5,0.52,0.54,0.67,0.6040644423041417,0.49888882793228795,0.413048017826182,0.4850916424963147,1.554121395337779,0.8627834381958248
73,43,L08,Low-turnover veteran group,horns,switch,0.8933718980553035,0.30208431725344465,0.0,1.0,0.0,0.69,0.68,0.55,0.69,0.59,0.91,0.52,0.8262301892831733,0.2983492197222256,0.3393832384062858,0.5401587902130408,0.8461051378209361,1.1213340753762582
73,44,L12,Late-clock creation group,spread_pnr,pressure,0.8933718980553035,0.30208431725344465,0.0,0.0,0.0,0.74,0.91,0.59,0.63,0.51,0.66,0.57,0.7549813782059606,0.42755486699880224,0.4472976038353616,0.4370329532568751,1.154210176483816,1.0284249189691865
73,45,L01,Spacing with two-way wings,switch_hunt,size,0.8933718980553035,0.30208431725344465,0.0,1.0,1.0,0.87,0.72,0.61,0.78,0.58,0.74,0.69,0.8994531980705966,0.41209728745251123,0.38353083412815436,0.4078263274957831,0.5298840884577316,1.1090320722372689
73,46,L08,Low-turnover veteran group,switch_hunt,switch,0.8933718980553035,0.30208431725344465,1.0,0.0,0.0,0.69,0.68,0.55,0.69,0.59,0.91,0.52,0.5870944235542992,0.49960286532115944,0.3598893721063375,0.5569384583445437,0.3262572983526403,0.7826594867049524
73,47,L10,Player-development evaluation group,spread_pnr,drop,0.8933718980553035,0.30208431725344465,0.0,0.0,0.0,0.62,0.49,0.58,0.5,0.52,0.54,0.67,0.7772047309837455,0.45781278593370245,0.5050056890731158,0.4167298848742183,1.0196560988041248,0.9685443572420693
73,48,L06,Balanced playoff-style unit,spread_pnr,switch,0.8933718980553035,0.30208431725344465,0.0,0.0,1.0,0.76,0.75,0.66,0.79,0.66,0.78,0.63,0.8744873755830733,0.3430967785441377,0.25171557587250115,0.5172181128754847,2.0503059363899077,1.1460295888550547
73,49,L07,Rim pressure transition group,horns,zone,0.8933718980553035,0.30208431725344465,0.0,0.0,1.0,0.6,0.7,0.89,0.6,0.61,0.57,0.83,0.8769816415775561,0.5089315118668004,0.33970738271737827,0.5397992195078023,0.6703906923658908,1.084084364744581
73,50,L07,Rim pressure transition group,spread_pnr,drop,0.8933718980553035,0.30208431725344465,0.0,1.0,1.0,0.6,0.7,0.89,0.6,0.61,0.57,0.83,0.8511370470998398,0.5212304731734111,0.3635895428577065,0.6094366819635887,0.8303186036733211,1.0936766530104947
73,51,L03,Big frontcourt rebound unit,post_split,zone,0.8933718980553035,0.30208431725344465,0.0,0.0,0.0,0.55,0.58,0.76,0.74,0.88,0.65,0.54,0.6852764176460373,0.4190865917106561,0.3956640982814017,0.8203635576425338,1.4377610978374307,1.0195422380802992
73,52,L02,High creation guard unit,early_drag,pace,0.8933718980553035,0.30208431725344465,0.0,1.0,1.0,0.73,0.88,0.67,0.57,0.47,0.62,0.76,0.7991411434480606,0.47942306820511627,0.5424460550174253,0.34283803428639303,1.2536275915869723,0.9226958193108434
73,53,L12,Late-clock creation group,post_split,drop,0.8933718980553035,0.30208431725344465,1.0,1.0,0.0,0.74,0.91,0.59,0.63,0.51,0.66,0.57,0.7383364967441118,0.567837786459972,0.4751756261082045,0.3906774102979832,1.0127173173084763,0.9220515694195535
74,0,L04,Switch-heavy defensive group,post_split,pace,-0.6039904193375097,0.3138210358464355,0.0,0.0,0.0,0.64,0.61,0.57,0.91,0.68,0.7,0.61,0.7789726917637702,0.4087386993906495,0.28609892305499196,0.6701191196119753,0.8061944700774448,1.106516403081144
74,1,L09,Small-ball offensive group,early_drag,zone,-0.6039904193375097,0.3138210358464355,0.0,1.0,0.0,0.91,0.76,0.54,0.48,0.36,0.69,0.79,0.8512829410511054,0.4120714819763235,0.5471888820475558,0.5514617421139323,2.204577877266518,1.089437015951003
74,2,L05,Bench spacing development group,empty_corner,size,-0.6039904193375097,0.3138210358464355,0.0,0.0,0.0,0.81,0.54,0.49,0.52,0.43,0.58,0.71,0.7028807380346667,0.3727369389012269,0.443683914262814,0.5759077136126198,1.4633385784662936,1.0207754634367523
74,3,L03,Big frontcourt rebound unit,spread_pnr,size,-0.6039904193375097,0.3138210358464355,0.0,0.0,0.0,0.55,0.58,0.76,0.74,0.88,0.65,0.54,0.7271183878210574,0.3525237049632419,0.3090243084680655,0.9557536076378443,1.150722627463342,1.057632608782326
74,4,L06,Balanced playoff-style unit,empty_corner,pace,-0.6039904193375097,0.3138210358464355,1.0,0.0,0.0,0.76,0.75,0.66,0.79,0.66,0.78,0.63,0.5412630385902123,0.4286816421278924,0.33878670969098884,0.6964261257004426,1.1776048214133281,0.9430369205799665
74,5,L06,Balanced playoff-style unit,empty_corner,pace,-0.6039904193375097,0.3138210358464355,0.0,0.0,0.0,0.76,0.75,0.66,0.79,0.66,0.78,0.63,0.7149588517207084,0.2803699266035527,0.3469096580161607,0.6905494750206328,0.10341860670884895,1.062959342180434
74,6,L11,Defensive glass control group,spread_pnr,pace,-0.6039904193375097,0.3138210358464355,1.0,1.0,0.0,0.58,0.57,0.62,0.86,0.92,0.69,0.49,0.5029120838247969,0.3521941114305856,0.3056872684407605,0.9603608924960433,1.1706707687853226,0.8933988801200864
74,7,L04,Switch-heavy defensive group,empty_corner,drop,-0.6039904193375097,0.3138210358464355,0.0,0.0,0.0,0.64,0.61,0.57,0.91,0.68,0.7,0.61,0.705747644506045,0.3248548892951667,0.2813625446403752,0.7968911296032102,1.6175917244440607,1.0510548319612243
74,8,L02,High creation guard unit,horns,pressure,-0.6039904193375097,0.3138210358464355,0.0,0.0,0.0,0.73,0.88,0.67,0.57,0.47,0.62,0.76,0.6082253193145063,0.4079052793392707,0.5134523796604095,0.47443858068639827,0.8497570102077285,0.9546942966445577
74,9,L12,Late-clock creation group,horns,size,-0.6039904193375097,0.3138210358464355,1.0,0.0,0.0,0.74,0.91,0.59,0.63,0.51,0.66,0.57,0.6640777370341551,0.3818769458590263,0.3871135905151944,0.5080286682431303,0.8954445537446791,0.9927069253032456
74,10,L04,Switch-heavy defensive group,switch_hunt,pressure,-0.6039904193375097,0.3138210358464355,0.0,0.0,0.0,0.64,0.61,0.57,0.91,0.68,0.7,0.61,0.704861991039636,0.3238300166252866,0.27677242559869897,0.6705868711967631,1.220064736384081,1.0703964661727958
74,11,L05,Bench spacing development group,spread_pnr,zone,-0.6039904193375097,0.3138210358464355,1.0,1.0,0.0,0.81,0.54,0.49,0.52,0.43,0.58,0.71,0.6357056837143631,0.38444245235836827,0.48214604193983496,0.5053724264732051,1.3711502697250197,1.040008526299
74,12,L07,Rim pressure transition group,switch_hunt,zone,-0.6039904193375097,0.3138210358464355,0.0,0.0,1.0,0.6,0.7,0.89,0.6,0.61,0.57,0.83,0.8030994071578725,0.31986429455621146,0.5005745886038739,0.6407075484487414,0.5772071060001526,1.0946288900127314
74,13,L06,Balanced playoff-style unit,switch_hunt,drop,-0.6039904193375097,0.3138210358464355,0.0,1.0,0.0,0.76,0.75,0.66,0.79,0.66,0.78,0.63,0.8903268825285837,0.31535412107762467,0.3941208267443592,0.73679388094762,0.5941331038689556,1.1453162207643544
74,14,L08,Low-turnover veteran group,post_split,zone,-0.6039904193375097,0.3138210358464355,0.0,0.0,0.0,0.69,0.68,0.55,0.69,0.59,0.91,0.52,0.81151733758296,0.2986759299759165,0.42359202002160523,0.7240732280742965,0.9546239700678857,1.0792009595952312
74,15,L12,Late-clock creation group,spread_pnr,pace,-0.6039904193375097,0.3138210358464355,1.0,0.0,0.0,0.74,0.91,0.59,0.63,0.51,0.66,0.57,0.6688157609313921,0.4540706709697512,0.40619011551947376,0.6111203297141067,0.886702010701672,0.9375768789752319
74,16,L12,Late-clock creation group,switch_hunt,pressure,-0.6039904193375097,0.3138210358464355,0.0,0.0,1.0,0.74,0.91,0.59,0.63,0.51,0.66,0.57,0.7489905650145667,0.3225604769246591,0.46243624780291637,0.6142629899519566,0.5374679872464866,1.024342805505566
74,17,L04,Switch-heavy defensive group,empty_corner,zone,-0.6039904193375097,0.3138210358464355,0.0,0.0,0.0,0.64,0.61,0.57,0.91,0.68,0.7,0.61,0.6909056027038625,0.33225218265258866,0.3059818804627571,0.7333919041756982,1.6908014810815055,1.058205243345569
74,18,L05,Bench spacing development group,spread_pnr,size,-0.6039904193375097,0.3138210358464355,1.0,0.0,1.0,0.81,0.54,0.49,0.52,0.43,0.58,0.71,0.5017845363717207,0.5379649107828999,0.4086882599049354,0.5028593287546959,0.2964329711774433,0.74896657513395
74,19,L01,Spacing with two-way wings,horns,drop,-0.6039904193375097,0.3138210358464355,0.0,1.0,0.0,0.87,0.72,0.61,0.78,0.58,0.74,0.69,0.8999901973112172,0.3366484137175366,0.36744935781050075,0.6667108013164996,0.8309886639377381,1.15599083549143
74,20,L03,Big frontcourt rebound unit,spread_pnr,size,-0.6039904193375097,0.3138210358464355,0.0,0.0,0.0,0.55,0.58,0.76,0.74,0.88,0.65,0.54,0.6641705475765788,0.3266540060382583,0.3040915224216186,0.8708171178391021,1.2899910530567662,1.0492392429353932
74,21,L09,Small-ball offensive group,horns,drop,-0.6039904193375097,0.3138210358464355,0.0,0.0,1.0,0.91,0.76,0.54,0.48,0.36,0.69,0.79,0.8539098737717278,0.332794876980893,0.48449449793124927,0.5587995395621265,1.0835933476023976,1.131182404519614
74,22,L10,Player-development evaluation group,spread_pnr,drop,-0.6039904193375097,0.3138210358464355,0.0,0.0,0.0,0.62,0.49,0.58,0.5,0.52,0.54,0.67,0.7281008509309014,0.3769722044985416,0.47015065879498735,0.6336933100928864,1.1124571635910143,1.0547095069535726
74,23,L01,Spacing with two-way wings,empty_corner,drop,-0.6039904193375097,0.3138210358464355,0.0,1.0,1.0,0.87,0.72,0.61,0.78,0.58,0.74,0.69,0.8541735560502265,0.4307155233654276,0.34837384633351737,0.642866935889593,1.1749998267037953,1.0967217691213291
74,24,L08,Low-turnover veteran group,empty_corner,size,-0.6039904193375097,0.3138210358464355,1.0,0.0,0.0,0.69,0.68,0.55,0.69,0.59,0.91,0.52,0.5534510071697012,0.3430048421074299,0.38133217123639274,0.6659348046983786,1.3491696609924928,0.8982672490256143
74,25,L11,Defensive glass control group,early_drag,size,-0.6039904193375097,0.3138210358464355,1.0,0.0,0.0,0.58,0.57,0.62,0.86,0.92,0.69,0.49,0.5593162101432614,0.39503470518186856,0.2841751976812996,0.9130208147752996,0.9018473409378265,1.084703185193608
74,26,L01,Spacing with two-way wings,horns,pressure,-0.6039904193375097,0.3138210358464355,0.0,0.0,0.0,0.87,0.72,0.61,0.78,0.58,0.74,0.69,0.8480802032490349,0.30708420753422744,0.32830694419116285,0.6941882535582942,0.7121947546947134,1.2276565345329704
74,27,L09,Small-ball offensive group,empty_corner,drop,-0.6039904193375097,0.3138210358464355,0.0,0.0,0.0,0.91,0.76,0.54,0.48,0.36,0.69,0.79,0.8143282605296637,0.24318736927299855,0.5845868900513805,0.44450902423225036,0.9342585481899109,1.0919770246045426
74,28,L11,Defensive glass control group,switch_hunt,pace,-0.6039904193375097,0.3138210358464355,0.0,0.0,0.0,0.58,0.57,0.62,0.86,0.92,0.69,0.49,0.6082795425883472,0.3112197824703863,0.21802045406534967,0.96965206389559,0.47261594834312765,1.0236101388629322
74,29,L06,Balanced playoff-style unit,post_split,zone,-0.6039904193375097,0.3138210358464355,1.0,1.0,0.0,0.76,0.75,0.66,0.79,0.66,0.78,0.63,0.6562817935729323,0.42428326551326306,0.3213770689860004,0.7718270105649905,0.9516363795227433,1.0714843096691935
74,30,L06,Balanced playoff-style unit,switch_hunt,switch,-0.6039904193375097,0.3138210358464355,0.0,0.0,0.0,0.76,0.75,0.66,0.79,0.66,0.78,0.63,0.750771974672759,0.31437091821827584,0.386095880026937,0.5674394901545374,1.0181964632015488,1.039044554022706
74,31,L05,Bench spacing development group,post_split,zone,-0.6039904193375097,0.3138210358464355,0.0,0.0,0.0,0.81,0.54,0.49,0.52,0.43,0.58,0.71,0.6856589629431691,0.34723802610706883,0.5443997751797286,0.42834424472018606,1.554275611517994,0.9849268868774997
74,32,L06,Balanced playoff-style unit,empty_corner,zone,-0.6039904193375097,0.3138210358464355,0.0,0.0,0.0,0.76,0.75,0.66,0.79,0.66,0.78,0.63,0.8254392224528955,0.42211575303288995,0.2657983473694522,0.7259595715995125,0.5285181294738656,1.1258082693642049
74,33,L04,Switch-heavy defensive group,post_split,drop,-0.6039904193375097,0.3138210358464355,0.0,0.0,1.0,0.64,0.61,0.57,0.91,0.68,0.7,0.61,0.719427704591524,0.3135411280456175,0.2600735628615401,0.6955293902409768,0.1744519089384182,1.10848930361715
74,34,L11,Defensive glass control group,empty_corner,size,-0.6039904193375097,0.3138210358464355,0.0,0.0,0.0,0.58,0.57,0.62,0.86,0.92,0.69,0.49,0.7286881421462486,0.283168039437971,0.2257668958056349,0.9416564164787742,1.3627143372024877,1.1228882512766136
74,35,L03,Big frontcourt rebound unit,empty_corner,zone,-0.6039904193375097,0.3138210358464355,0.0,0.0,1.0,0.55,0.58,0.76,0.74,0.88,0.65,0.54,0.6363991177628239,0.47636116667488737,0.3430405278274701,0.9010000480861297,1.34787770942886,0.9766139121989404
74,36,L07,Rim pressure transition group,horns,drop,-0.6039904193375097,0.3138210358464355,0.0,0.0,0.0,0.6,0.7,0.89,0.6,0.61,0.57,0.83,0.6934480062871402,0.46086817354485365,0.43002622009215946,0.662707409313006,0.8899399720137072,0.9096808809492003
74,37,L01,Spacing with two-way wings,early_drag,switch,-0.6039904193375097,0.3138210358464355,0.0,1.0,0.0,0.87,0.72,0.61,0.78,0.58,0.74,0.69,0.8925983397391869,0.25594212410967626,0.39499718267573747,0.7293100287817011,1.7094626388793066,1.1979248487594183
74,38,L01,Spacing with two-way wings,early_drag,pace,-0.6039904193375097,0.3138210358464355,0.0,0.0,0.0,0.87,0.72,0.61,0.78,0.58,0.74,0.69,0.7808390230966841,0.3502384968538156,0.45526870550893883,0.643127869088148,1.3763391259500726,1.0683900965151971
74,39,L02,High creation guard unit,switch_hunt,switch,-0.6039904193375097,0.3138210358464355,0.0,0.0,0.0,0.73,0.88,0.67,0.57,0.47,0.62,0.76,0.7892311166985222,0.2915125264213587,0.5269348496407112,0.6312198809106012,1.09214488050092,1.0646027274399368
74,40,L06,Balanced playoff-style unit,early_drag,switch,-0.6039904193375097,0.3138210358464355,0.0,0.0,0.0,0.76,0.75,0.66,0.79,0.66,0.78,0.63,0.7373752255841131,0.3118523056887562,0.29727602522357155,0.7344782742466351,0.8445500895011494,1.094429852605568
74,41,L10,Player-development evaluation group,switch_hunt,pace,-0.6039904193375097,0.3138210358464355,0.0,0.0,0.0,0.62,0.49,0.58,0.5,0.52,0.54,0.67,0.7256568822512526,0.39028633374223165,0.486843470518878,0.6007486240955463,1.394115752985713,1.040345602374485
74,42,L08,Low-turnover veteran group,early_drag,pressure,-0.6039904193375097,0.3138210358464355,0.0,1.0,0.0,0.69,0.68,0.55,0.69,0.59,0.91,0.52,0.9200158289856529,0.24509353866671174,0.3116336673392577,0.7871473319417641,1.4912536739113877,1.233482550750028
74,43,L07,Rim pressure transition group,post_split,pace,-0.6039904193375097,0.3138210358464355,0.0,0.0,0.0,0.6,0.7,0.89,0.6,0.61,0.57,0.83,0.7413879601330361,0.2868295254084767,0.5279936435310012,0.6542961621351218,1.4583135277842694,1.0313367285380468
74,44,L01,Spacing with two-way wings,early_drag,pressure,-0.6039904193375097,0.3138210358464355,0.0,1.0,1.0,0.87,0.72,0.61,0.78,0.58,0.74,0.69,0.8957576347226914,0.35985585775130136,0.35850920573908235,0.591655752780197,0.9903203233117229,1.1322421871855481
74,45,L10,Player-development evaluation group,horns,size,-0.6039904193375097,0.3138210358464355,0.0,0.0,0.0,0.62,0.49,0.58,0.5,0.52,0.54,0.67,0.7745913377048069,0.3901170405439509,0.5063199660010576,0.5601396396380044,0.8231349636696149,1.0478697533586148
74,46,L12,Late-clock creation group,post_split,drop,-0.6039904193375097,0.3138210358464355,0.0,1.0,0.0,0.74,0.91,0.59,0.63,0.51,0.66,0.57,0.7569481086182095,0.3986277467905779,0.5584748116838263,0.6370108210629263,1.211272878951255,1.0511155207129055
74,47,L10,Player-development evaluation group,post_split,pressure,-0.6039904193375097,0.3138210358464355,0.0,0.0,0.0,0.62,0.49,0.58,0.5,0.52,0.54,0.67,0.7023018157388394,0.42372383308173694,0.5007774393072976,0.6334822640008877,1.2898603700946094,0.9589219439444903
74,48,L09,Small-ball offensive group,spread_pnr,switch,-0.6039904193375097,0.3138210358464355,0.0,0.0,1.0,0.91,0.76,0.54,0.48,0.36,0.69,0.79,0.8552921626802038,0.38493008857835354,0.4517147142836802,0.5482747421682165,1.1900485935040839,1.0626280296282333
74,49,L01,Spacing with two-way wings,switch_hunt,drop,-0.6039904193375097,0.3138210358464355,0.0,0.0,0.0,0.87,0.72,0.61,0.78,0.58,0.74,0.69,0.8296060699390528,0.4571303416872464,0.38426944784263983,0.6169105684612066,1.1020291882763698,1.0067288797743725
74,50,L12,Late-clock creation group,spread_pnr,zone,-0.6039904193375097,0.3138210358464355,0.0,0.0,0.0,0.74,0.91,0.59,0.63,0.51,0.66,0.57,0.852117632595551,0.27207875422947303,0.41652958129746864,0.6418541679039428,1.0878600988142852,1.1837239865484261
74,51,L06,Balanced playoff-style unit,spread_pnr,drop,-0.6039904193375097,0.3138210358464355,0.0,0.0,1.0,0.76,0.75,0.66,0.79,0.66,0.78,0.63,0.8211678189052417,0.24480593551457616,0.3062851869577215,0.6313633065249605,1.4057244187848796,1.1301980605715345
74,52,L09,Small-ball offensive group,spread_pnr,switch,-0.6039904193375097,0.3138210358464355,0.0,0.0,0.0,0.91,0.76,0.54,0.48,0.36,0.69,0.79,0.6806747160938844,0.32264721052363476,0.3993505446149872,0.5241900886688832,0.9537491269838849,1.0328200135843102
74,53,L05,Bench spacing development group,post_split,zone,-0.6039904193375097,0.3138210358464355,0.0,1.0,0.0,0.81,0.54,0.49,0.52,0.43,0.58,0.71,0.8235412613855978,0.3398974229538909,0.3988555539342969,0.627059483367446,1.5393265881283342,1.0838531693410363
75,0,L09,Small-ball offensive group,early_drag,drop,-0.2967073458793516,0.22955188223504247,0.0,0.0,0.0,0.91,0.76,0.54,0.48,0.36,0.69,0.79,0.692865885503106,0.3317244218840913,0.5024615444257534,0.5554771608904288,1.5565867320698024,1.0563193824099693
75,1,L02,High creation guard unit,post_split,pace,-0.2967073458793516,0.22955188223504247,0.0,0.0,0.0,0.73,0.88,0.67,0.57,0.47,0.62,0.76,0.8534604775674246,0.41671674358797267,0.494386689620248,0.5001096095687269,0.8892764310491932,1.0504328743147857
75,2,L07,Rim pressure transition group,post_split,size,-0.2967073458793516,0.22955188223504247,0.0,1.0,0.0,0.6,0.7,0.89,0.6,0.61,0.57,0.83,0.8418833268077529,0.35982244237444594,0.4229185767121368,0.760206889482026,0.9370310781875751,1.1419842016300359
75,3,L07,Rim pressure transition group,post_split,size,-0.2967073458793516,0.22955188223504247,0.0,0.0,0.0,0.6,0.7,0.89,0.6,0.61,0.57,0.83,0.6332383137085581,0.4652665147058864,0.41848341506098974,0.6160133872483307,1.3327129690791581,0.9742356541030265
75,4,L01,Spacing with two-way wings,early_drag,pressure,-0.2967073458793516,0.22955188223504247,0.0,1.0,1.0,0.87,0.72,0.61,0.78,0.58,0.74,0.69,0.813491203721912,0.3423329808500935,0.23833857364146827,0.697535167848333,1.0285400383466572,1.16144400595247
75,5,L01,Spacing with two-way wings,empty_corner,switch,-0.2967073458793516,0.22955188223504247,0.0,1.0,1.0,0.87,0.72,0.61,0.78,0.58,0.74,0.69,0.8993001290010397,0.2716825521388826,0.38621733711507905,0.6550785320098942,1.088512339270537,1.230399788154086
75,6,L03,Big frontcourt rebound unit,switch_hunt,pace,-0.2967073458793516,0.22955188223504247,0.0,1.0,0.0,0.55,0.58,0.76,0.74,0.88,0.65,0.54,0.7996181639232124,0.4098124509422969,0.27504930735861904,0.8137244298435786,2.017894473254555,1.1543466264888755
75,7,L04,Switch-heavy defensive group,switch_hunt,pace,-0.2967073458793516,0.22955188223504247,0.0,1.0,0.0,0.64,0.61,0.57,0.91,0.68,0.7,0.61,0.7908636304629404,0.29772186660815303,0.381579700099424,0.6967128810464754,0.933230168410316,1.1881391181525836
75,8,L10,Player-development evaluation group,post_split,size,-0.2967073458793516,0.22955188223504247,0.0,0.0,0.0,0.62,0.49,0.58,0.5,0.52,0.54,0.67,0.7114390397987456,0.35472461896450425,0.5079742001606699,0.6090929211705003,1.2067327381951714,1.0595880736604126
75,9,L11,Defensive glass control group,switch_hunt,pace,-0.2967073458793516,0.22955188223504247,0.0,0.0,0.0,0.58,0.57,0.62,0.86,0.92,0.69,0.49,0.7393968280308549,0.3384861021706064,0.3175647157555972,0.7821086934726728,0.7197235969281498,1.1179811943366298
75,10,L07,Rim pressure transition group,early_drag,pace,-0.2967073458793516,0.22955188223504247,1.0,0.0,0.0,0.6,0.7,0.89,0.6,0.61,0.57,0.83,0.5610825917103043,0.38828088961158486,0.4221574039814905,0.6391004979398291,1.1374419834276237,1.004168197064587
75,11,L09,Small-ball offensive group,early_drag,pressure,-0.2967073458793516,0.22955188223504247,0.0,0.0,0.0,0.91,0.76,0.54,0.48,0.36,0.69,0.79,0.8253435104712267,0.3219092408825508,0.5149452295130874,0.5828983059825472,1.1075353964383574,1.129251958401355
75,12,L07,Rim pressure transition group,post_split,pace,-0.2967073458793516,0.22955188223504247,0.0,1.0,0.0,0.6,0.7,0.89,0.6,0.61,0.57,0.83,0.7176992729276979,0.43807654551359215,0.4480594868971035,0.6239893738673017,1.385914756614779,1.0166818650515943
75,13,L06,Balanced playoff-style unit,spread_pnr,switch,-0.2967073458793516,0.22955188223504247,0.0,0.0,1.0,0.76,0.75,0.66,0.79,0.66,0.78,0.63,0.7165207173083659,0.3592579618233494,0.21421254490014455,0.7080789840679476,0.7144206260019867,1.1486568815478262
75,14,L07,Rim pressure transition group,early_drag,zone,-0.2967073458793516,0.22955188223504247,0.0,0.0,0.0,0.6,0.7,0.89,0.6,0.61,0.57,0.83,0.7771782540198875,0.4838690322181386,0.407917666243339,0.6045049396021723,1.144078876153951,1.1070242993325996
75,15,L07,Rim pressure transition group,horns,switch,-0.2967073458793516,0.22955188223504247,0.0,0.0,0.0,0.6,0.7,0.89,0.6,0.61,0.57,0.83,0.7039257544216316,0.27793697308178433,0.3638943745976753,0.6080364920262477,1.5439537215344483,1.0466167835747644
75,16,L02,High creation guard unit,empty_corner,pressure,-0.2967073458793516,0.22955188223504247,1.0,0.0,0.0,0.73,0.88,0.67,0.57,0.47,0.62,0.76,0.5665564412699718,0.4250694131989667,0.5450992376988283,0.5104548105730564,0.6369101150826407,0.972313753053322
75,17,L06,Balanced playoff-style unit,switch_hunt,pressure,-0.2967073458793516,0.22955188223504247,0.0,0.0,0.0,0.76,0.75,0.66,0.79,0.66,0.78,0.63,0.7133425664020169,0.3988429591448238,0.28015580001537216,0.6933714065349056,1.2477182084756597,1.1311320664410403
75,18,L10,Player-development evaluation group,switch_hunt,switch,-0.2967073458793516,0.22955188223504247,0.0,0.0,0.0,0.62,0.49,0.58,0.5,0.52,0.54,0.67,0.6540258580483229,0.35022456416546394,0.45767701666649796,0.568919602154206,0.8811086029206547,1.0192060949417185
75,19,L08,Low-turnover veteran group,post_split,zone,-0.2967073458793516,0.22955188223504247,0.0,0.0,0.0,0.69,0.68,0.55,0.69,0.59,0.91,0.52,0.7890219206419903,0.23020019108122702,0.4532377403602518,0.7021778142388543,1.0020482567803173,1.2206650622258062
75,20,L09,Small-ball offensive group,empty_corner,switch,-0.2967073458793516,0.22955188223504247,0.0,0.0,0.0,0.91,0.76,0.54,0.48,0.36,0.69,0.79,0.7279486856369832,0.34321109087730817,0.4714453154970506,0.40081110950714055,1.0612918834669638,1.088856294004257
75,21,L02,High creation guard unit,horns,size,-0.2967073458793516,0.22955188223504247,0.0,0.0,0.0,0.73,0.88,0.67,0.57,0.47,0.62,0.76,0.7969495916452729,0.28463654706645486,0.46766269625022017,0.6358882693453681,1.3973351323507779,1.1736036713197635
75,22,L10,Player-development evaluation group,empty_corner,switch,-0.2967073458793516,0.22955188223504247,0.0,0.0,1.0,0.62,0.49,0.58,0.5,0.52,0.54,0.67,0.576303694971962,0.3617472204070119,0.4831630794025638,0.5547650624504198,1.0092961961774523,0.9864754858734243
75,23,L03,Big frontcourt rebound unit,spread_pnr,switch,-0.2967073458793516,0.22955188223504247,1.0,0.0,0.0,0.55,0.58,0.76,0.74,0.88,0.65,0.54,0.5123275631345223,0.39070495583927234,0.3178947692069584,0.8966678184329218,0.5271961490325384,0.9293038076792457
75,24,L06,Balanced playoff-style unit,switch_hunt,drop,-0.2967073458793516,0.22955188223504247,1.0,0.0,0.0,0.76,0.75,0.66,0.79,0.66,0.78,0.63,0.732218934162079,0.3588214356090319,0.29089152718326006,0.6924468143318587,1.576906141534068,1.142269519037916
75,25,L10,Player-development evaluation group,spread_pnr,pressure,-0.2967073458793516,0.22955188223504247,0.0,0.0,0.0,0.62,0.49,0.58,0.5,0.52,0.54,0.67,0.6673110087089142,0.40832235802516537,0.433050247897285,0.6276183391403939,1.4688861916192517,1.0350660023780822
75,26,L04,Switch-heavy defensive group,horns,zone,-0.2967073458793516,0.22955188223504247,0.0,1.0,1.0,0.64,0.61,0.57,0.91,0.68,0.7,0.61,0.7004213907760286,0.3771514650133235,0.23962237098452305,0.7170745237213347,0.4314590963821583,1.0782131926896164
75,27,L04,Switch-heavy defensive group,post_split,size,-0.2967073458793516,0.22955188223504247,0.0,0.0,0.0,0.64,0.61,0.57,0.91,0.68,0.7,0.61,0.6263183786015469,0.3337838223208138,0.2681774355531381,0.6027714958386046,0.6607499871878996,1.0154975348800632
75,28,L01,Spacing with two-way wings,early_drag,zone,-0.2967073458793516,0.22955188223504247,0.0,0.0,0.0,0.87,0.72,0.61,0.78,0.58,0.74,0.69,0.7525560436956173,0.3226898723262363,0.34140081903916747,0.5866510991059581,1.1293588725717172,1.1228604893890237
75,29,L06,Balanced playoff-style unit,early_drag,zone,-0.2967073458793516,0.22955188223504247,0.0,1.0,0.0,0.76,0.75,0.66,0.79,0.66,0.78,0.63,0.8743578001587115,0.3581933172322383,0.3154768701845485,0.6839812351168642,0.602673098497079,1.1488481430694517
75,30,L05,Bench spacing development group,empty_corner,pressure,-0.2967073458793516,0.22955188223504247,0.0,0.0,0.0,0.81,0.54,0.49,0.52,0.43,0.58,0.71,0.658925105567353,0.2962380327473562,0.4401992864439261,0.46264567962074243,0.5948210858955726,1.010670269188341
75,31,L12,Late-clock creation group,early_drag,drop,-0.2967073458793516,0.22955188223504247,0.0,0.0,0.0,0.74,0.91,0.59,0.63,0.51,0.66,0.57,0.7639354399592917,0.3737620604472562,0.36924027109384605,0.5894643695549677,1.1150969172848113,1.082701594010223
75,32,L02,High creation guard unit,early_drag,size,-0.2967073458793516,0.22955188223504247,0.0,0.0,0.0,0.73,0.88,0.67,0.57,0.47,0.62,0.76,0.7395761147244411,0.315635967335457,0.459339485733069,0.5590541462186895,1.1642216253290685,1.0891802754315316
75,33,L09,Small-ball offensive group,spread_pnr,pace,-0.2967073458793516,0.22955188223504247,0.0,1.0,1.0,0.91,0.76,0.54,0.48,0.36,0.69,0.79,0.9489313413457346,0.3252366453504518,0.5027407746036848,0.5323386750987797,1.2829450327208611,1.1834843654398375
75,34,L06,Balanced playoff-style unit,empty_corner,pace,-0.2967073458793516,0.22955188223504247,0.0,0.0,0.0,0.76,0.75,0.66,0.79,0.66,0.78,0.63,0.82138701846535,0.2141158702839558,0.283086119722977,0.6028004496955418,1.7862522828652858,1.2790565482047966
75,35,L07,Rim pressure transition group,switch_hunt,zone,-0.2967073458793516,0.22955188223504247,0.0,0.0,0.0,0.6,0.7,0.89,0.6,0.61,0.57,0.83,0.6527934104427254,0.48911942667741626,0.3457634617977141,0.6553311857741769,0.7364030176693163,0.859084191706523
75,36,L06,Balanced playoff-style unit,spread_pnr,size,-0.2967073458793516,0.22955188223504247,0.0,0.0,1.0,0.76,0.75,0.66,0.79,0.66,0.78,0.63,0.675390916269047,0.31208628691789564,0.3727080146164565,0.6511050354161081,1.0195556042446297,1.078069882838858
75,37,L05,Bench spacing development group,empty_corner,pace,-0.2967073458793516,0.22955188223504247,0.0,0.0,0.0,0.81,0.54,0.49,0.52,0.43,0.58,0.71,0.7282823462380538,0.30774695959396303,0.42396925782693007,0.503498733239805,0.5830464686946192,1.127171522871082
75,38,L06,Balanced playoff-style unit,early_drag,size,-0.2967073458793516,0.22955188223504247,0.0,0.0,0.0,0.76,0.75,0.66,0.79,0.66,0.78,0.63,0.8298601180554489,0.2141332792192847,0.34852847060652903,0.7009691043014885,1.3461111320109036,1.322528655323132
75,39,L01,Spacing with two-way wings,switch_hunt,pace,-0.2967073458793516,0.22955188223504247,0.0,0.0,0.0,0.87,0.72,0.61,0.78,0.58,0.74,0.69,0.7864120739278545,0.2789901062662044,0.4117043461669982,0.6056943912127374,1.4930349028981564,1.1719563540714037
75,40,L08,Low-turnover veteran group,empty_corner,drop,-0.2967073458793516,0.22955188223504247,0.0,0.0,1.0,0.69,0.68,0.55,0.69,0.59,0.91,0.52,0.7489495468349083,0.26947746735838213,0.33607982240413947,0.5364238697838162,1.1123285294742238,1.1282394144096806
75,41,L06,Balanced playoff-style unit,switch_hunt,drop,-0.2967073458793516,0.22955188223504247,0.0,0.0,0.0,0.76,0.75,0.66,0.79,0.66,0.78,0.63,0.7639945335547472,0.3370967054628145,0.3583235973743775,0.8032702691403028,1.1604498699060104,1.1531088403795686
75,42,L01,Spacing with two-way wings,horns,zone,-0.2967073458793516,0.22955188223504247,0.0,0.0,0.0,0.87,0.72,0.61,0.78,0.58,0.74,0.69,0.7241797423581227,0.379979924241667,0.3568631163651054,0.5659878267502536,0.9488707998315421,1.100230253744667
75,43,L04,Switch-heavy defensive group,spread_pnr,zone,-0.2967073458793516,0.22955188223504247,0.0,1.0,0.0,0.64,0.61,0.57,0.91,0.68,0.7,0.61,0.7285077104521653,0.33341870838758386,0.23245509268136183,0.665905304760881,1.5831401981161632,1.1432319088447678
75,44,L11,Defensive glass control group,spread_pnr,zone,-0.2967073458793516,0.22955188223504247,0.0,0.0,0.0,0.58,0.57,0.62,0.86,0.92,0.69,0.49,0.6802781815329373,0.3843913849423646,0.2939371072239982,0.7474841990862257,0.839618022420908,1.0831558698036805
75,45,L01,Spacing with two-way wings,early_drag,zone,-0.2967073458793516,0.22955188223504247,0.0,1.0,0.0,0.87,0.72,0.61,0.78,0.58,0.74,0.69,0.8831155681411117,0.3153821016041642,0.364121819514767,0.6886657997800281,0.5972983083856351,1.2039108664525742
75,46,L02,High creation guard unit,switch_hunt,drop,-0.2967073458793516,0.22955188223504247,1.0,0.0,0.0,0.73,0.88,0.67,0.57,0.47,0.62,0.76,0.5579499523260527,0.44831836383632956,0.5400384896160786,0.4683970969662579,0.7182762731916302,0.8219331259904463
75,47,L03,Big frontcourt rebound unit,early_drag,size,-0.2967073458793516,0.22955188223504247,0.0,0.0,0.0,0.55,0.58,0.76,0.74,0.88,0.65,0.54,0.6855638325806696,0.3779340287209748,0.35974885418825553,0.742430508749378,1.4148141965597767,1.0337179045073788
75,48,L06,Balanced playoff-style unit,post_split,drop,-0.2967073458793516,0.22955188223504247,0.0,0.0,1.0,0.76,0.75,0.66,0.79,0.66,0.78,0.63,0.7442010671313565,0.2766979180494602,0.2853094487418666,0.7260909994759324,0.780204812153424,1.2132015709002213
75,49,L10,Player-development evaluation group,horns,switch,-0.2967073458793516,0.22955188223504247,0.0,0.0,0.0,0.62,0.49,0.58,0.5,0.52,0.54,0.67,0.6594944726246202,0.39564416099937905,0.3506617502005326,0.6060801067357644,0.7257408032872287,1.0239625913255856
75,50,L12,Late-clock creation group,post_split,drop,-0.2967073458793516,0.22955188223504247,0.0,0.0,0.0,0.74,0.91,0.59,0.63,0.51,0.66,0.57,0.8901662076484709,0.36337688692900044,0.36437601306467343,0.5433058483554946,0.7107766866809905,1.1459857877281214
75,51,L02,High creation guard unit,empty_corner,drop,-0.2967073458793516,0.22955188223504247,0.0,0.0,0.0,0.73,0.88,0.67,0.57,0.47,0.62,0.76,0.7640453177276746,0.3848167284656525,0.4464442121927413,0.6313211010548382,0.7449168850492783,1.099337730424338
75,52,L07,Rim pressure transition group,empty_corner,size,-0.2967073458793516,0.22955188223504247,1.0,0.0,0.0,0.6,0.7,0.89,0.6,0.61,0.57,0.83,0.4687362207774596,0.47697837969077267,0.36176672270961274,0.5319142221091074,0.4884067953600345,0.8907424424242576
75,53,L06,Balanced playoff-style unit,switch_hunt,pace,-0.2967073458793516,0.22955188223504247,0.0,0.0,0.0,0.76,0.75,0.66,0.79,0.66,0.78,0.63,0.6898057670582612,0.3135516803268771,0.440109097250726,0.635429891661586,0.8227662235249918,1.0747153234658737
76,0,L10,Player-development evaluation group,empty_corner,size,-0.5833930330210958,0.4680415575476449,0.0,1.0,0.0,0.62,0.49,0.58,0.5,0.52,0.54,0.67,0.7011903338375443,0.296929133165624,0.6153100962746159,0.6268821547971699,1.2399878643268125,0.9587334690154328
76,1,L09,Small-ball offensive group,post_split,pace,-0.5833930330210958,0.4680415575476449,1.0,1.0,0.0,0.91,0.76,0.54,0.48,0.36,0.69,0.79,0.7845386874307473,0.4839885223803853,0.5417884250002164,0.6066315267190951,1.0755173167886745,0.9834333265013684
76,2,L09,Small-ball offensive group,empty_corner,pace,-0.5833930330210958,0.4680415575476449,0.0,0.0,0.0,0.91,0.76,0.54,0.48,0.36,0.69,0.79,0.9050457616019776,0.4127471914282425,0.5086195334930548,0.4371773843495996,1.1677176109392209,1.0593636068031507
76,3,L07,Rim pressure transition group,early_drag,switch,-0.5833930330210958,0.4680415575476449,1.0,0.0,1.0,0.6,0.7,0.89,0.6,0.61,0.57,0.83,0.5800245403699603,0.41962834630193196,0.4837551150278185,0.6356672853770933,1.3549791170713907,0.9303892364517337
76,4,L01,Spacing with two-way wings,spread_pnr,zone,-0.5833930330210958,0.4680415575476449,1.0,0.0,0.0,0.87,0.72,0.61,0.78,0.58,0.74,0.69,0.691584661563952,0.4773250533582272,0.3983068112520364,0.6917582335506927,1.239268229382951,0.925955122039253
76,5,L09,Small-ball offensive group,early_drag,pace,-0.5833930330210958,0.4680415575476449,1.0,0.0,0.0,0.91,0.76,0.54,0.48,0.36,0.69,0.79,0.7409975700193873,0.5063820550798083,0.49869069784090736,0.5323319746591295,1.079858014836287,0.885647809432192
76,6,L01,Spacing with two-way wings,empty_corner,switch,-0.5833930330210958,0.4680415575476449,0.0,0.0,0.0,0.87,0.72,0.61,0.78,0.58,0.74,0.69,0.8427485062778918,0.32589417558259887,0.38220840258776534,0.6631835285913322,1.1321033601573727,1.0971235987583403
76,7,L05,Bench spacing development group,empty_corner,pace,-0.5833930330210958,0.4680415575476449,0.0,0.0,0.0,0.81,0.54,0.49,0.52,0.43,0.58,0.71,0.7730877361713229,0.45115392444828056,0.5121169987233155,0.5707545344820383,0.6583645369688031,0.9769066065567807
76,8,L02,High creation guard unit,horns,pressure,-0.5833930330210958,0.4680415575476449,0.0,0.0,1.0,0.73,0.88,0.67,0.57,0.47,0.62,0.76,0.7506316862441329,0.35743021691345483,0.42735194364716733,0.5816622863989925,1.027933944294885,1.023556544007443
76,9,L09,Small-ball offensive group,post_split,drop,-0.5833930330210958,0.4680415575476449,0.0,1.0,0.0,0.91,0.76,0.54,0.48,0.36,0.69,0.79,0.8658474478101612,0.33588702625341493,0.5023346779653163,0.559496562520222,1.4057320134287328,1.1283890536270116
76,10,L10,Player-development evaluation group,switch_hunt,pressure,-0.5833930330210958,0.4680415575476449,0.0,0.0,0.0,0.62,0.49,0.58,0.5,0.52,0.54,0.67,0.7061589605988585,0.448785882748568,0.5064962410834163,0.6292608892749586,1.0442561714904475,0.789662793750283
76,11,L08,Low-turnover veteran group,horns,size,-0.5833930330210958,0.4680415575476449,0.0,1.0,0.0,0.69,0.68,0.55,0.69,0.59,0.91,0.52,0.8245311750415061,0.24532102232828995,0.3939726217914005,0.6677255655266244,1.5374051299354161,1.0892825856382855
76,12,L12,Late-clock creation group,horns,size,-0.5833930330210958,0.4680415575476449,0.0,0.0,0.0,0.74,0.91,0.59,0.63,0.51,0.66,0.57,0.8871570637222641,0.35301849923456624,0.47961648048658434,0.5673265808169202,0.7864366738066342,1.0270606358231815
76,13,L04,Switch-heavy defensive group,switch_hunt,pressure,-0.5833930330210958,0.4680415575476449,0.0,1.0,0.0,0.64,0.61,0.57,0.91,0.68,0.7,0.61,0.7748256243427282,0.31600642908155174,0.3813082192296108,0.6471671255207723,0.777462496459785,1.0833850862344738
76,14,L01,Spacing with two-way wings,post_split,zone,-0.5833930330210958,0.4680415575476449,1.0,0.0,0.0,0.87,0.72,0.61,0.78,0.58,0.74,0.69,0.666149794883826,0.4582522110554384,0.4130340280730477,0.6594914552922649,1.0015511848217156,0.9078674382716654
76,15,L10,Player-development evaluation group,early_drag,zone,-0.5833930330210958,0.4680415575476449,0.0,1.0,0.0,0.62,0.49,0.58,0.5,0.52,0.54,0.67,0.7165567384192258,0.37250321700297273,0.5239258196016744,0.6724587511824959,0.34215243626949876,1.0360750188758145
76,16,L08,Low-turnover veteran group,spread_pnr,drop,-0.5833930330210958,0.4680415575476449,0.0,0.0,0.0,0.69,0.68,0.55,0.69,0.59,0.91,0.52,0.8109447283212268,0.2794545065575685,0.4674297096468056,0.6443497467438762,0.9619180282919739,1.0879872884230188
76,17,L08,Low-turnover veteran group,switch_hunt,size,-0.5833930330210958,0.4680415575476449,0.0,1.0,0.0,0.69,0.68,0.55,0.69,0.59,0.91,0.52,0.7444166021824323,0.3035993923305669,0.35743592107527694,0.7512830845872711,1.2048117609341797,1.0642976235244497
76,18,L12,Late-clock creation group,empty_corner,drop,-0.5833930330210958,0.4680415575476449,1.0,0.0,0.0,0.74,0.91,0.59,0.63,0.51,0.66,0.57,0.6392987605597774,0.39585059638568687,0.45819475361867185,0.6930454262139156,0.3471078897530932,0.9586735850751302
76,19,L06,Balanced playoff-style unit,post_split,drop,-0.5833930330210958,0.4680415575476449,0.0,0.0,0.0,0.76,0.75,0.66,0.79,0.66,0.78,0.63,0.8899653069881519,0.35577335800978876,0.31229333748466925,0.7428673203106719,1.580554101116694,1.1330221695008378
76,20,L07,Rim pressure transition group,switch_hunt,pace,-0.5833930330210958,0.4680415575476449,0.0,0.0,0.0,0.6,0.7,0.89,0.6,0.61,0.57,0.83,0.5977378320383301,0.4214977893787489,0.35631815712816695,0.6403420635863237,1.1494179342212603,0.8733503386749254
76,21,L04,Switch-heavy defensive group,post_split,switch,-0.5833930330210958,0.4680415575476449,0.0,0.0,1.0,0.64,0.61,0.57,0.91,0.68,0.7,0.61,0.672144203557931,0.35690667184771396,0.313176775888971,0.7219570844685694,1.4233159232109924,1.0322129825193576
76,22,L05,Bench spacing development group,early_drag,switch,-0.5833930330210958,0.4680415575476449,1.0,0.0,0.0,0.81,0.54,0.49,0.52,0.43,0.58,0.71,0.5091528004783821,0.48703522395432186,0.5731426294893349,0.5424939418175979,0.9797978457794378,0.864325551414654
76,23,L09,Small-ball offensive group,early_drag,switch,-0.5833930330210958,0.4680415575476449,1.0,0.0,0.0,0.91,0.76,0.54,0.48,0.36,0.69,0.79,0.7445985521682126,0.43225613325723933,0.47921360078927894,0.4760229963111803,1.0002382514829162,0.9850001130211503
76,24,L11,Defensive glass control group,post_split,size,-0.5833930330210958,0.4680415575476449,0.0,0.0,1.0,0.58,0.57,0.62,0.86,0.92,0.69,0.49,0.7144283229078457,0.3479276595839062,0.38145229925383894,0.864700755089399,1.554679685251147,1.0421133544188392
76,25,L02,High creation guard unit,post_split,pace,-0.5833930330210958,0.4680415575476449,0.0,0.0,0.0,0.73,0.88,0.67,0.57,0.47,0.62,0.76,0.7185387156876291,0.3414902635282553,0.49694973515004837,0.578854644262325,0.7742198733285238,1.0312500539405736
76,26,L07,Rim pressure transition group,horns,pressure,-0.5833930330210958,0.4680415575476449,0.0,0.0,0.0,0.6,0.7,0.89,0.6,0.61,0.57,0.83,0.6870577093671154,0.4180927179577865,0.4676347323153302,0.59821425498233,0.8281798610188352,0.8996778382605846
76,27,L07,Rim pressure transition group,empty_corner,drop,-0.5833930330210958,0.4680415575476449,0.0,1.0,0.0,0.6,0.7,0.89,0.6,0.61,0.57,0.83,0.8639576313381695,0.5322841571974294,0.4623415847674183,0.6051291209034236,0.9641779427499475,0.9768940653927685
76,28,L08,Low-turnover veteran group,post_split,zone,-0.5833930330210958,0.4680415575476449,0.0,0.0,0.0,0.69,0.68,0.55,0.69,0.59,0.91,0.52,0.7171524425032556,0.36093508718867573,0.3714682146430004,0.6662759379578391,0.9209925099191576,1.0427602329022374
76,29,L02,High creation guard unit,empty_corner,pace,-0.5833930330210958,0.4680415575476449,0.0,0.0,0.0,0.73,0.88,0.67,0.57,0.47,0.62,0.76,0.7693937617183291,0.43479228869301156,0.48143282859148356,0.49756680907216505,0.9886574973230731,1.0133984805809586
76,30,L10,Player-development evaluation group,spread_pnr,pace,-0.5833930330210958,0.4680415575476449,0.0,0.0,0.0,0.62,0.49,0.58,0.5,0.52,0.54,0.67,0.6407369008340211,0.36441981706350113,0.5169835454384436,0.5639862461427745,0.8307369118531106,0.9114481833913635
76,31,L02,High creation guard unit,spread_pnr,zone,-0.5833930330210958,0.4680415575476449,0.0,0.0,0.0,0.73,0.88,0.67,0.57,0.47,0.62,0.76,0.765494388431768,0.41626963457286675,0.5019429536118967,0.6444843867382721,0.9538304392860917,1.0373279619997717
76,32,L05,Bench spacing development group,horns,pace,-0.5833930330210958,0.4680415575476449,0.0,1.0,0.0,0.81,0.54,0.49,0.52,0.43,0.58,0.71,0.8121472187324463,0.4723295881464023,0.472982712544148,0.47214499341733884,0.8031784317346392,0.9062276997429503
76,33,L10,Player-development evaluation group,horns,pace,-0.5833930330210958,0.4680415575476449,0.0,0.0,0.0,0.62,0.49,0.58,0.5,0.52,0.54,0.67,0.5934732155713612,0.4631219958368843,0.5769031351076916,0.5243615957925469,1.165562497154977,0.8842630928147827
76,34,L05,Bench spacing development group,early_drag,switch,-0.5833930330210958,0.4680415575476449,0.0,1.0,0.0,0.81,0.54,0.49,0.52,0.43,0.58,0.71,0.832745342746181,0.40202208076681745,0.49635612525807077,0.5446479702148159,1.5694475726480643,1.03136859141228
76,35,L05,Bench spacing development group,spread_pnr,pressure,-0.5833930330210958,0.4680415575476449,0.0,0.0,1.0,0.81,0.54,0.49,0.52,0.43,0.58,0.71,0.7556303839801051,0.4158084587159771,0.4357704979086025,0.5382634213224186,1.8157899927356647,1.0365207393717542
76,36,L05,Bench spacing development group,horns,pace,-0.5833930330210958,0.4680415575476449,1.0,1.0,0.0,0.81,0.54,0.49,0.52,0.43,0.58,0.71,0.6162654521804102,0.5190842924713222,0.49214896532904356,0.668126731699403,0.8554187723195775,0.8153090073339874
76,37,L08,Low-turnover veteran group,switch_hunt,size,-0.5833930330210958,0.4680415575476449,0.0,0.0,0.0,0.69,0.68,0.55,0.69,0.59,0.91,0.52,0.7887468571888601,0.3595954740562329,0.36255301049980254,0.6372243891614942,1.008469324261766,1.0781504597674136
76,38,L09,Small-ball offensive group,spread_pnr,size,-0.5833930330210958,0.4680415575476449,1.0,1.0,0.0,0.91,0.76,0.54,0.48,0.36,0.69,0.79,0.6604997436344698,0.4679773332964358,0.5345695922956186,0.45616853048373457,0.9375527599127955,0.8895309656752397
76,39,L04,Switch-heavy defensive group,spread_pnr,pressure,-0.5833930330210958,0.4680415575476449,1.0,0.0,0.0,0.64,0.61,0.57,0.91,0.68,0.7,0.61,0.5617659494748585,0.4879689247941945,0.300949156132955,0.6936759564546293,0.8716671069450717,0.8974337086549646
76,40,L09,Small-ball offensive group,horns,pace,-0.5833930330210958,0.4680415575476449,0.0,1.0,0.0,0.91,0.76,0.54,0.48,0.36,0.69,0.79,0.8601162406592281,0.3646579955249112,0.6119743031865554,0.5228873106369818,0.6848273257342586,1.044454937314734
76,41,L04,Switch-heavy defensive group,empty_corner,pace,-0.5833930330210958,0.4680415575476449,0.0,0.0,0.0,0.64,0.61,0.57,0.91,0.68,0.7,0.61,0.7688374468489496,0.4079536568443865,0.2500802853194346,0.6781481624652734,0.7203767105850843,1.1282850128112778
76,42,L06,Balanced playoff-style unit,spread_pnr,pace,-0.5833930330210958,0.4680415575476449,0.0,1.0,0.0,0.76,0.75,0.66,0.79,0.66,0.78,0.63,0.7976911050517742,0.31452264692661663,0.3947543254012722,0.7010380862490916,1.3210494045765586,1.0940603492770775
76,43,L04,Switch-heavy defensive group,empty_corner,drop,-0.5833930330210958,0.4680415575476449,0.0,0.0,0.0,0.64,0.61,0.57,0.91,0.68,0.7,0.61,0.728499324802227,0.3436057304143613,0.12796178876887088,0.754876429006403,1.4272281663005646,1.1394513763166922
76,44,L01,Spacing with two-way wings,empty_corner,pace,-0.5833930330210958,0.4680415575476449,0.0,0.0,0.0,0.87,0.72,0.61,0.78,0.58,0.74,0.69,0.7729768222030943,0.35463577774342064,0.3470137741660587,0.6382753536937689,1.111969049837847,1.1147299241024788
76,45,L06,Balanced playoff-style unit,post_split,pressure,-0.5833930330210958,0.4680415575476449,0.0,1.0,1.0,0.76,0.75,0.66,0.79,0.66,0.78,0.63,0.8027268768914643,0.3824694675680021,0.38677799518386385,0.6880418192345334,0.7311290158364656,1.0766881763600906
76,46,L07,Rim pressure transition group,horns,switch,-0.5833930330210958,0.4680415575476449,1.0,0.0,0.0,0.6,0.7,0.89,0.6,0.61,0.57,0.83,0.6027336583529475,0.49830900200831174,0.3980389617430831,0.7406658144490276,0.8544800232364858,0.7723984006366947
76,47,L07,Rim pressure transition group,switch_hunt,zone,-0.5833930330210958,0.4680415575476449,0.0,0.0,0.0,0.6,0.7,0.89,0.6,0.61,0.57,0.83,0.7860681268645296,0.3884350639308386,0.5176381122839312,0.6585117472374384,1.1151673952678378,1.071182036988556
76,48,L09,Small-ball offensive group,early_drag,switch,-0.5833930330210958,0.4680415575476449,0.0,0.0,1.0,0.91,0.76,0.54,0.48,0.36,0.69,0.79,0.8077717494537082,0.3296352278342497,0.5578426766710731,0.4837345082436881,0.4935001938793962,1.0868346168896743
76,49,L02,High creation guard unit,empty_corner,drop,-0.5833930330210958,0.4680415575476449,1.0,1.0,0.0,0.73,0.88,0.67,0.57,0.47,0.62,0.76,0.7285992995206344,0.5092944864806154,0.5286284319005647,0.6364391243559059,1.0480682802102945,0.956711071859742
76,50,L06,Balanced playoff-style unit,horns,drop,-0.5833930330210958,0.4680415575476449,0.0,0.0,0.0,0.76,0.75,0.66,0.79,0.66,0.78,0.63,0.7508041124317634,0.33696343867213074,0.47984478661740076,0.7048056325448887,1.0360387125746768,1.0588144854268082
76,51,L01,Spacing with two-way wings,spread_pnr,size,-0.5833930330210958,0.4680415575476449,0.0,0.0,0.0,0.87,0.72,0.61,0.78,0.58,0.74,0.69,0.7610579880867953,0.3023964331836483,0.3666852760881325,0.6644959512444518,0.9362660872502302,1.0877729417290218
76,52,L12,Late-clock creation group,early_drag,switch,-0.5833930330210958,0.4680415575476449,1.0,0.0,0.0,0.74,0.91,0.59,0.63,0.51,0.66,0.57,0.625576899142012,0.4686258641239947,0.40774206803338464,0.5440433943595515,0.9261587381297679,0.8568383400823152
76,53,L08,Low-turnover veteran group,switch_hunt,drop,-0.5833930330210958,0.4680415575476449,0.0,0.0,0.0,0.69,0.68,0.55,0.69,0.59,0.91,0.52,0.6933689821944439,0.3047722264704833,0.3529533654655526,0.597730669524072,0.7102029894642417,0.9988123114554963
77,0,L04,Switch-heavy defensive group,switch_hunt,switch,-0.3721792271774601,0.21190501568751144,0.0,1.0,0.0,0.64,0.61,0.57,0.91,0.68,0.7,0.61,0.7672004393256021,0.28744962303410765,0.1733226680667589,0.7894935534624707,0.7221896496471477,1.1577984773406735
77,1,L04,Switch-heavy defensive group,post_split,pace,-0.3721792271774601,0.21190501568751144,0.0,1.0,0.0,0.64,0.61,0.57,0.91,0.68,0.7,0.61,0.795314494545294,0.3433538483624563,0.2184648162282624,0.7148119389710489,0.7579515292401656,1.1482698499558
77,2,L10,Player-development evaluation group,empty_corner,pressure,-0.3721792271774601,0.21190501568751144,1.0,0.0,0.0,0.62,0.49,0.58,0.5,0.52,0.54,0.67,0.5373042955523646,0.4104283334406879,0.501583295735211,0.6057624908365027,0.7005997924536008,0.9053255220853479
77,3,L04,Switch-heavy defensive group,empty_corner,size,-0.3721792271774601,0.21190501568751144,0.0,0.0,0.0,0.64,0.61,0.57,0.91,0.68,0.7,0.61,0.6994070113502225,0.3160292273614964,0.2781187272874895,0.6646223037273916,1.1218898890408269,1.087345708755176
77,4,L06,Balanced playoff-style unit,horns,zone,-0.3721792271774601,0.21190501568751144,0.0,0.0,0.0,0.76,0.75,0.66,0.79,0.66,0.78,0.63,0.8244130643913089,0.3288374449800787,0.32925516073263533,0.718499338793574,1.5650368911601276,1.1741645338877384
77,5,L08,Low-turnover veteran group,horns,drop,-0.3721792271774601,0.21190501568751144,0.0,0.0,0.0,0.69,0.68,0.55,0.69,0.59,0.91,0.52,0.7695782749810817,0.2761256969511014,0.3355815499326929,0.5714243756126903,1.1674462924308058,1.1341325026941762
77,6,L08,Low-turnover veteran group,spread_pnr,zone,-0.3721792271774601,0.21190501568751144,0.0,0.0,1.0,0.69,0.68,0.55,0.69,0.59,0.91,0.52,0.7466953805959242,0.16793392456791342,0.31274596980551744,0.6084447873157437,1.6443985669109855,1.1701379385759292
77,7,L02,High creation guard unit,spread_pnr,size,-0.3721792271774601,0.21190501568751144,0.0,0.0,0.0,0.73,0.88,0.67,0.57,0.47,0.62,0.76,0.8145786372022323,0.3687853933268021,0.39484173946182044,0.6724547850304435,1.638700671649362,1.1399868320425646
77,8,L11,Defensive glass control group,switch_hunt,pressure,-0.3721792271774601,0.21190501568751144,0.0,0.0,0.0,0.58,0.57,0.62,0.86,0.92,0.69,0.49,0.5391774447228258,0.26735402579974066,0.21702827168619987,0.8300477552350403,1.201197348103234,0.956049450758567
77,9,L10,Player-development evaluation group,spread_pnr,zone,-0.3721792271774601,0.21190501568751144,0.0,1.0,0.0,0.62,0.49,0.58,0.5,0.52,0.54,0.67,0.7118736976892802,0.3820568707860155,0.49177236951427716,0.6870306745666263,1.01660449713826,1.0787601697473814
77,10,L06,Balanced playoff-style unit,horns,switch,-0.3721792271774601,0.21190501568751144,0.0,0.0,0.0,0.76,0.75,0.66,0.79,0.66,0.78,0.63,0.7202975906884745,0.35438135393763165,0.31704827164471727,0.7047628304416413,1.0946206288627007,1.1366137075760334
77,11,L08,Low-turnover veteran group,post_split,zone,-0.3721792271774601,0.21190501568751144,0.0,0.0,1.0,0.69,0.68,0.55,0.69,0.59,0.91,0.52,0.6841704436691991,0.19916364223651276,0.4158158736325094,0.576517528476444,1.3580771994538106,1.0394796552080876
77,12,L05,Bench spacing development group,post_split,switch,-0.3721792271774601,0.21190501568751144,0.0,0.0,0.0,0.81,0.54,0.49,0.52,0.43,0.58,0.71,0.7269741134315795,0.38684256645758724,0.5111270080536757,0.4756620616995313,1.2474208968196452,1.0984796627365638
77,13,L01,Spacing with two-way wings,empty_corner,pace,-0.3721792271774601,0.21190501568751144,0.0,0.0,0.0,0.87,0.72,0.61,0.78,0.58,0.74,0.69,0.8211453316133033,0.3477516768898278,0.29427568538715027,0.6807694971168872,0.9452393643817532,1.1439846548878183
77,14,L01,Spacing with two-way wings,empty_corner,pressure,-0.3721792271774601,0.21190501568751144,0.0,1.0,0.0,0.87,0.72,0.61,0.78,0.58,0.74,0.69,0.8277803266512227,0.3683822091832869,0.47382012406854346,0.5928407916072239,1.1559945900915365,1.117860873877657
77,15,L05,Bench spacing development group,switch_hunt,switch,-0.3721792271774601,0.21190501568751144,1.0,0.0,1.0,0.81,0.54,0.49,0.52,0.43,0.58,0.71,0.6978242499258147,0.3586523921487979,0.4935956813285511,0.5250290262542591,0.9716903125816269,1.0173284156813829
77,16,L06,Balanced playoff-style unit,empty_corner,pace,-0.3721792271774601,0.21190501568751144,0.0,0.0,0.0,0.76,0.75,0.66,0.79,0.66,0.78,0.63,0.6024652137061433,0.3925825811026044,0.46374230217258183,0.5815967442124973,0.9534110872800212,0.9822474361589483
77,17,L06,Balanced playoff-style unit,switch_hunt,zone,-0.3721792271774601,0.21190501568751144,0.0,0.0,0.0,0.76,0.75,0.66,0.79,0.66,0.78,0.63,0.8466777687251907,0.33200238698162626,0.409069578107818,0.5946221073723424,0.7044840594359026,1.156873829506144
77,18,L09,Small-ball offensive group,horns,pace,-0.3721792271774601,0.21190501568751144,1.0,1.0,1.0,0.91,0.76,0.54,0.48,0.36,0.69,0.79,0.6988136780007451,0.5744266534624711,0.4809134363851809,0.5171823622281656,0.7585256569302956,0.8605233063320662
77,19,L02,High creation guard unit,spread_pnr,size,-0.3721792271774601,0.21190501568751144,0.0,0.0,1.0,0.73,0.88,0.67,0.57,0.47,0.62,0.76,0.7693529986769615,0.38092117319935437,0.5516713245908573,0.5182312047738152,0.7343465467545692,1.0786073041851192
77,20,L03,Big frontcourt rebound unit,post_split,pace,-0.3721792271774601,0.21190501568751144,1.0,0.0,1.0,0.55,0.58,0.76,0.74,0.88,0.65,0.54,0.5523096067811372,0.3480703909136458,0.282914289542029,0.7557089011677098,0.9986788332275174,1.0897565678702916
77,21,L05,Bench spacing development group,empty_corner,drop,-0.3721792271774601,0.21190501568751144,0.0,0.0,1.0,0.81,0.54,0.49,0.52,0.43,0.58,0.71,0.7346207449691193,0.3392678703028555,0.42788207813355617,0.4719787440379028,0.8314611729299296,1.1284536040679898
77,22,L06,Balanced playoff-style unit,post_split,switch,-0.3721792271774601,0.21190501568751144,0.0,0.0,1.0,0.76,0.75,0.66,0.79,0.66,0.78,0.63,0.6940690169158918,0.1873039326056014,0.4275717371162381,0.7550207015026149,1.2286300696553334,1.1015310583186444
77,23,L08,Low-turnover veteran group,post_split,drop,-0.3721792271774601,0.21190501568751144,0.0,0.0,0.0,0.69,0.68,0.55,0.69,0.59,0.91,0.52,0.6909775364340268,0.23690909495646686,0.37022524047578087,0.6409387884769419,1.2685299515249924,1.0823906308811024
77,24,L09,Small-ball offensive group,horns,size,-0.3721792271774601,0.21190501568751144,0.0,0.0,0.0,0.91,0.76,0.54,0.48,0.36,0.69,0.79,0.8799992914964513,0.32981600530838706,0.5884761913880749,0.39313337245682917,1.2519311623761777,1.1247373249180161
77,25,L06,Balanced playoff-style unit,early_drag,pressure,-0.3721792271774601,0.21190501568751144,0.0,1.0,0.0,0.76,0.75,0.66,0.79,0.66,0.78,0.63,0.8794816731388739,0.26543981778589953,0.36174243505443626,0.6724295082993048,1.5135351745583783,1.2353688632344149
77,26,L02,High creation guard unit,early_drag,pressure,-0.3721792271774601,0.21190501568751144,0.0,0.0,1.0,0.73,0.88,0.67,0.57,0.47,0.62,0.76,0.6794048473649202,0.3595041293391769,0.42209369334202157,0.47274245243973256,0.7894063704364548,1.0164592697402397
77,27,L10,Player-development evaluation group,spread_pnr,pressure,-0.3721792271774601,0.21190501568751144,0.0,0.0,1.0,0.62,0.49,0.58,0.5,0.52,0.54,0.67,0.7594773982973079,0.36326210066920955,0.36722957157091285,0.5679860253497686,1.1111657187376007,1.0991573775290873
77,28,L03,Big frontcourt rebound unit,horns,size,-0.3721792271774601,0.21190501568751144,0.0,0.0,0.0,0.55,0.58,0.76,0.74,0.88,0.65,0.54,0.7373034999633424,0.3886246608054018,0.27971410292379945,0.759344010197404,1.1168190746148638,1.116256300172075
77,29,L04,Switch-heavy defensive group,spread_pnr,pace,-0.3721792271774601,0.21190501568751144,0.0,1.0,0.0,0.64,0.61,0.57,0.91,0.68,0.7,0.61,0.8304087081731043,0.39389378270223635,0.3673869260891982,0.7788103381880693,1.7313310316175106,1.1256146929114381
77,30,L03,Big frontcourt rebound unit,horns,pressure,-0.3721792271774601,0.21190501568751144,0.0,0.0,0.0,0.55,0.58,0.76,0.74,0.88,0.65,0.54,0.609014773116069,0.4626518432562905,0.2633906344943532,0.8939203931871083,1.4933710610432744,1.0398148390090878
77,31,L09,Small-ball offensive group,early_drag,zone,-0.3721792271774601,0.21190501568751144,0.0,0.0,0.0,0.91,0.76,0.54,0.48,0.36,0.69,0.79,0.7824725033647588,0.33454536923350375,0.4351073068061343,0.5831226453162125,0.9848644114357445,1.1375616717060795
77,32,L01,Spacing with two-way wings,horns,pressure,-0.3721792271774601,0.21190501568751144,0.0,0.0,1.0,0.87,0.72,0.61,0.78,0.58,0.74,0.69,0.7697169623309144,0.36019636051070697,0.3243901871559416,0.6339601620371398,0.9882410984857051,1.0957319278533135
77,33,L06,Balanced playoff-style unit,switch_hunt,drop,-0.3721792271774601,0.21190501568751144,0.0,1.0,0.0,0.76,0.75,0.66,0.79,0.66,0.78,0.63,0.7932980843980861,0.3049952493410365,0.2864317548021623,0.5658863001505003,0.8573085642470698,1.2494268926119199
77,34,L05,Bench spacing development group,early_drag,pace,-0.3721792271774601,0.21190501568751144,1.0,1.0,0.0,0.81,0.54,0.49,0.52,0.43,0.58,0.71,0.6642972129497904,0.5288952071414863,0.5412846623192662,0.5100510506672594,1.2145206657701548,0.934835614822028
77,35,L02,High creation guard unit,empty_corner,pace,-0.3721792271774601,0.21190501568751144,0.0,1.0,0.0,0.73,0.88,0.67,0.57,0.47,0.62,0.76,0.91759530942932,0.313198407556632,0.43115358913351537,0.6171548686078526,1.3530540713944852,1.2003139849863445
77,36,L01,Spacing with two-way wings,switch_hunt,pressure,-0.3721792271774601,0.21190501568751144,0.0,0.0,0.0,0.87,0.72,0.61,0.78,0.58,0.74,0.69,0.8003811616077892,0.29014160922437965,0.33242213153730454,0.6436113706801145,0.7257416180175146,1.201045903344054
77,37,L09,Small-ball offensive group,switch_hunt,switch,-0.3721792271774601,0.21190501568751144,0.0,0.0,1.0,0.91,0.76,0.54,0.48,0.36,0.69,0.79,0.813707987985817,0.27510202263648825,0.4150015056982786,0.47616259290010426,0.4873522674818878,1.1457855158335348
77,38,L09,Small-ball offensive group,early_drag,switch,-0.3721792271774601,0.21190501568751144,0.0,0.0,1.0,0.91,0.76,0.54,0.48,0.36,0.69,0.79,0.7490035476177567,0.3224199088199868,0.5177510787867631,0.528279054444859,1.4383654000944366,1.0812292558800964
77,39,L10,Player-development evaluation group,post_split,switch,-0.3721792271774601,0.21190501568751144,0.0,1.0,1.0,0.62,0.49,0.58,0.5,0.52,0.54,0.67,0.8035736522932091,0.3876073114529439,0.4955655261863595,0.6061500421871301,1.3017789704277472,1.1135479405509385
77,40,L02,High creation guard unit,post_split,zone,-0.3721792271774601,0.21190501568751144,0.0,0.0,0.0,0.73,0.88,0.67,0.57,0.47,0.62,0.76,0.8682996603436777,0.34883370561435867,0.4977074420969736,0.4559028725401567,0.8569714630549541,1.0554067628126895
77,41,L02,High creation guard unit,switch_hunt,switch,-0.3721792271774601,0.21190501568751144,0.0,0.0,0.0,0.73,0.88,0.67,0.57,0.47,0.62,0.76,0.7667994543421773,0.3343134815932867,0.39297344800226547,0.5406101369496827,1.0742371262508845,1.1215019869057017
77,42,L04,Switch-heavy defensive group,early_drag,drop,-0.3721792271774601,0.21190501568751144,0.0,1.0,0.0,0.64,0.61,0.57,0.91,0.68,0.7,0.61,0.6568203263216147,0.2677357590369357,0.33394309987890547,0.6595252060022101,1.0461760625313365,1.0469850591400252
77,43,L02,High creation guard unit,horns,pressure,-0.3721792271774601,0.21190501568751144,0.0,0.0,1.0,0.73,0.88,0.67,0.57,0.47,0.62,0.76,0.8097580190083015,0.36983710851360935,0.5028202168477435,0.5488770210610578,0.5810531928800715,1.074398596914561
77,44,L04,Switch-heavy defensive group,switch_hunt,drop,-0.3721792271774601,0.21190501568751144,0.0,0.0,1.0,0.64,0.61,0.57,0.91,0.68,0.7,0.61,0.6518384551641081,0.3443869700229997,0.31007067543821704,0.6599393419783296,1.1960380673460256,1.0628203431414285
77,45,L06,Balanced playoff-style unit,switch_hunt,pace,-0.3721792271774601,0.21190501568751144,0.0,1.0,0.0,0.76,0.75,0.66,0.79,0.66,0.78,0.63,0.7595745974263639,0.4159480166141415,0.3948919945321994,0.7303632863084226,1.4271286157421181,1.133681863876743
77,46,L09,Small-ball offensive group,empty_corner,pace,-0.3721792271774601,0.21190501568751144,0.0,1.0,0.0,0.91,0.76,0.54,0.48,0.36,0.69,0.79,0.9428120650993669,0.3409445353533171,0.4296755751882497,0.5147480478260578,1.0653137923854266,1.1883412001689668
77,47,L12,Late-clock creation group,empty_corner,pace,-0.3721792271774601,0.21190501568751144,0.0,0.0,0.0,0.74,0.91,0.59,0.63,0.51,0.66,0.57,0.744093595857036,0.29104800036620365,0.4582967039616251,0.506066395872516,0.6416813866938715,1.0677398029342506
77,48,L05,Bench spacing development group,horns,pace,-0.3721792271774601,0.21190501568751144,0.0,0.0,0.0,0.81,0.54,0.49,0.52,0.43,0.58,0.71,0.6848369792779005,0.27988687634384707,0.5148502599304021,0.5368410093194774,1.1070885172780527,1.0305046781735685
77,49,L12,Late-clock creation group,post_split,switch,-0.3721792271774601,0.21190501568751144,0.0,0.0,0.0,0.74,0.91,0.59,0.63,0.51,0.66,0.57,0.8834224155528106,0.23109762762695862,0.39946249648398086,0.5771310518721939,1.1263807434426338,1.2239622370869643
77,50,L12,Late-clock creation group,early_drag,zone,-0.3721792271774601,0.21190501568751144,0.0,1.0,0.0,0.74,0.91,0.59,0.63,0.51,0.66,0.57,0.8077601768703946,0.25178904979741257,0.4541808895551916,0.6416403150216873,0.18648347889595696,1.1562433133946124
77,51,L05,Bench spacing development group,empty_corner,pressure,-0.3721792271774601,0.21190501568751144,0.0,0.0,0.0,0.81,0.54,0.49,0.52,0.43,0.58,0.71,0.6983656555212273,0.3695500078763268,0.4297069272371066,0.5249264132296586,0.7848037765648671,1.0525201255594134
77,52,L09,Small-ball offensive group,switch_hunt,pace,-0.3721792271774601,0.21190501568751144,0.0,0.0,0.0,0.91,0.76,0.54,0.48,0.36,0.69,0.79,0.7719910116717739,0.3936145585612856,0.5598015214777621,0.5807364705103107,1.7874912772510965,1.0980618228397767
77,53,L11,Defensive glass control group,empty_corner,switch,-0.3721792271774601,0.21190501568751144,0.0,0.0,1.0,0.58,0.57,0.62,0.86,0.92,0.69,0.49,0.6126682380045362,0.34359251361043525,0.21770931258116696,0.859862250727914,1.0178876309254332,1.041380821434802
78,0,L09,Small-ball offensive group,early_drag,size,0.2096523984808106,0.7216139117597431,0.0,1.0,0.0,0.91,0.76,0.54,0.48,0.36,0.69,0.79,0.7285258771812535,0.3982061718761414,0.5427286804083343,0.3372026612158511,0.7879291963758194,0.9690368656950703
78,1,L04,Switch-heavy defensive group,early_drag,zone,0.2096523984808106,0.7216139117597431,0.0,1.0,0.0,0.64,0.61,0.57,0.91,0.68,0.7,0.61,0.6824898746177515,0.3905579286460405,0.3396693958652217,0.7224573749551719,1.3957735497047423,0.9324866892675662
78,2,L09,Small-ball offensive group,post_split,drop,0.2096523984808106,0.7216139117597431,0.0,0.0,0.0,0.91,0.76,0.54,0.48,0.36,0.69,0.79,0.7858483501612412,0.5083779680166459,0.5188269243710749,0.46181695389362,0.8725200736298084,0.9016078727078548
78,3,L12,Late-clock creation group,horns,pace,0.2096523984808106,0.7216139117597431,0.0,1.0,0.0,0.74,0.91,0.59,0.63,0.51,0.66,0.57,0.8903439130617801,0.4535323948392215,0.42440525871242063,0.4805186065015844,1.0565785239398267,0.9694849871028139
78,4,L06,Balanced playoff-style unit,horns,pace,0.2096523984808106,0.7216139117597431,0.0,0.0,1.0,0.76,0.75,0.66,0.79,0.66,0.78,0.63,0.7343639010088153,0.34060899845997306,0.3616212096419696,0.6994221159230404,1.306712290636008,1.0430455245526131
78,5,L07,Rim pressure transition group,empty_corner,switch,0.2096523984808106,0.7216139117597431,0.0,0.0,0.0,0.6,0.7,0.89,0.6,0.61,0.57,0.83,0.7140541967628864,0.4409814208984789,0.5163845090027085,0.5416866247499642,1.2488032043646833,0.9646337514628732
78,6,L07,Rim pressure transition group,switch_hunt,pressure,0.2096523984808106,0.7216139117597431,1.0,0.0,0.0,0.6,0.7,0.89,0.6,0.61,0.57,0.83,0.6916643805573076,0.5119125252092671,0.5843338148044274,0.5388144726843815,1.049728985953786,0.8654498879257697
78,7,L11,Defensive glass control group,early_drag,size,0.2096523984808106,0.7216139117597431,0.0,1.0,1.0,0.58,0.57,0.62,0.86,0.92,0.69,0.49,0.6819467374027891,0.3720122326588326,0.25554867894843586,0.8672214977384374,1.4139351768026107,1.0407061676769438
78,8,L02,High creation guard unit,post_split,pace,0.2096523984808106,0.7216139117597431,0.0,0.0,1.0,0.73,0.88,0.67,0.57,0.47,0.62,0.76,0.7456763533015661,0.3994503178744172,0.49338976784867905,0.4335200944663552,1.0291281516024666,0.9891080179233153
78,9,L02,High creation guard unit,empty_corner,pressure,0.2096523984808106,0.7216139117597431,0.0,1.0,0.0,0.73,0.88,0.67,0.57,0.47,0.62,0.76,0.9241903348221768,0.45779591461541186,0.4896520109404113,0.4409276479207324,1.2798208936151874,0.9522645253665616
78,10,L06,Balanced playoff-style unit,empty_corner,pressure,0.2096523984808106,0.7216139117597431,0.0,0.0,0.0,0.76,0.75,0.66,0.79,0.66,0.78,0.63,0.7418372171034006,0.3352311307278206,0.33141995723999174,0.6223424204974034,0.5120413228211919,1.0451496813683059
78,11,L06,Balanced playoff-style unit,spread_pnr,pressure,0.2096523984808106,0.7216139117597431,0.0,0.0,0.0,0.76,0.75,0.66,0.79,0.66,0.78,0.63,0.6884331878214538,0.38680241700629797,0.4129167702169756,0.6264094527339482,1.4057741205195147,0.941464378933849
78,12,L09,Small-ball offensive group,spread_pnr,size,0.2096523984808106,0.7216139117597431,0.0,0.0,1.0,0.91,0.76,0.54,0.48,0.36,0.69,0.79,0.8349009922758048,0.44143334507514354,0.5532701248953507,0.46980797736219615,0.3841461144889993,0.9545907104094971
78,13,L01,Spacing with two-way wings,post_split,pressure,0.2096523984808106,0.7216139117597431,0.0,0.0,0.0,0.87,0.72,0.61,0.78,0.58,0.74,0.69,0.7240672819222795,0.41788188224217976,0.42535835280862266,0.5038534855252753,1.584131934372088,1.001805705037775
78,14,L09,Small-ball offensive group,switch_hunt,pressure,0.2096523984808106,0.7216139117597431,0.0,0.0,0.0,0.91,0.76,0.54,0.48,0.36,0.69,0.79,0.9065910981101104,0.3480708853627964,0.4720509238082287,0.36243820813871014,1.2123849320621984,1.1030724126642661
78,15,L08,Low-turnover veteran group,early_drag,drop,0.2096523984808106,0.7216139117597431,0.0,1.0,0.0,0.69,0.68,0.55,0.69,0.59,0.91,0.52,0.8681831805083327,0.40242352104391194,0.38088981834520547,0.5972154151271799,1.147205692935562,1.1182722709624664
78,16,L01,Spacing with two-way wings,empty_corner,drop,0.2096523984808106,0.7216139117597431,0.0,1.0,0.0,0.87,0.72,0.61,0.78,0.58,0.74,0.69,0.7890438922711567,0.38971986609465525,0.3434539117074148,0.5597521445433666,1.4113572225208935,1.1109908563932145
78,17,L08,Low-turnover veteran group,post_split,size,0.2096523984808106,0.7216139117597431,0.0,1.0,0.0,0.69,0.68,0.55,0.69,0.59,0.91,0.52,0.844230625591464,0.2736053784300909,0.42821504289728884,0.5937583114990129,1.335282275425456,1.0632707340664165
78,18,L11,Defensive glass control group,spread_pnr,drop,0.2096523984808106,0.7216139117597431,0.0,0.0,0.0,0.58,0.57,0.62,0.86,0.92,0.69,0.49,0.5672190006879445,0.3657560634315322,0.2592003911176821,0.7948546400606457,1.0817076302554594,1.0294418467179889
78,19,L08,Low-turnover veteran group,empty_corner,switch,0.2096523984808106,0.7216139117597431,0.0,0.0,0.0,0.69,0.68,0.55,0.69,0.59,0.91,0.52,0.5194506406408718,0.4103004664770987,0.47648911265543925,0.6128449570343683,1.5844010540227154,0.8555926857738425
78,20,L09,Small-ball offensive group,post_split,size,0.2096523984808106,0.7216139117597431,1.0,1.0,1.0,0.91,0.76,0.54,0.48,0.36,0.69,0.79,0.7468884502255689,0.5261570311899721,0.5148493558517707,0.40272010628072463,0.4243523844721673,0.8859475145536932
78,21,L09,Small-ball offensive group,post_split,drop,0.2096523984808106,0.7216139117597431,0.0,0.0,0.0,0.91,0.76,0.54,0.48,0.36,0.69,0.79,0.8516079032087253,0.37658852296734185,0.5663064519259665,0.47204849578841046,0.5165874116334346,1.0868527418402023
78,22,L07,Rim pressure transition group,spread_pnr,size,0.2096523984808106,0.7216139117597431,0.0,1.0,1.0,0.6,0.7,0.89,0.6,0.61,0.57,0.83,0.9211383310161184,0.4276921487931452,0.400110598599373,0.5918130159720961,1.0321302868506266,1.0848644590676058
78,23,L10,Player-development evaluation group,early_drag,size,0.2096523984808106,0.7216139117597431,0.0,0.0,0.0,0.62,0.49,0.58,0.5,0.52,0.54,0.67,0.6924101362649505,0.42906733655949586,0.5829395672524369,0.5095835199104184,0.865957409823264,0.8619555149727227
78,24,L03,Big frontcourt rebound unit,spread_pnr,pace,0.2096523984808106,0.7216139117597431,0.0,0.0,0.0,0.55,0.58,0.76,0.74,0.88,0.65,0.54,0.6527933679020175,0.4312069671296548,0.33498090216327275,0.79561568300327,0.8610864915739969,0.895783129443342
78,25,L05,Bench spacing development group,post_split,pressure,0.2096523984808106,0.7216139117597431,0.0,0.0,0.0,0.81,0.54,0.49,0.52,0.43,0.58,0.71,0.7365912712473327,0.32445697677162366,0.4822159633179746,0.3836167651275223,1.2426217153637806,1.0112741665556584
78,26,L05,Bench spacing development group,switch_hunt,size,0.2096523984808106,0.7216139117597431,0.0,1.0,0.0,0.81,0.54,0.49,0.52,0.43,0.58,0.71,0.8234936772231741,0.5144953582843054,0.44317428638011214,0.43681310767619064,1.0178002357140594,0.9038385149195176
78,27,L05,Bench spacing development group,horns,switch,0.2096523984808106,0.7216139117597431,1.0,0.0,1.0,0.81,0.54,0.49,0.52,0.43,0.58,0.71,0.609057372528894,0.5482193166615875,0.49778810316634503,0.515260291373064,0.5340492015443606,0.7455520611520725
78,28,L04,Switch-heavy defensive group,empty_corner,pace,0.2096523984808106,0.7216139117597431,0.0,0.0,0.0,0.64,0.61,0.57,0.91,0.68,0.7,0.61,0.6831642376389323,0.3813625731385103,0.3818954284122575,0.7158600013921176,0.7899113343505305,0.8913094451629995
78,29,L09,Small-ball offensive group,post_split,switch,0.2096523984808106,0.7216139117597431,0.0,0.0,0.0,0.91,0.76,0.54,0.48,0.36,0.69,0.79,0.7713589335638563,0.3772520750069383,0.5315436922880414,0.43618689651854037,1.2276903273070157,0.9731778818525038
78,30,L07,Rim pressure transition group,empty_corner,pressure,0.2096523984808106,0.7216139117597431,0.0,0.0,0.0,0.6,0.7,0.89,0.6,0.61,0.57,0.83,0.8355632934834645,0.46013470826797687,0.46449459953478583,0.5237602055234207,1.201096528339312,0.9962419179444378
78,31,L08,Low-turnover veteran group,horns,drop,0.2096523984808106,0.7216139117597431,0.0,0.0,0.0,0.69,0.68,0.55,0.69,0.59,0.91,0.52,0.7423137685392699,0.3205835433457681,0.27668546363387386,0.5429409877528708,0.5098859251519385,1.0684620845936539
78,32,L07,Rim pressure transition group,horns,size,0.2096523984808106,0.7216139117597431,0.0,1.0,0.0,0.6,0.7,0.89,0.6,0.61,0.57,0.83,0.7883978855031192,0.4005996694660168,0.49190527854864513,0.6077500105092056,0.36528487971160317,1.0612130167289513
78,33,L05,Bench spacing development group,switch_hunt,zone,0.2096523984808106,0.7216139117597431,0.0,0.0,0.0,0.81,0.54,0.49,0.52,0.43,0.58,0.71,0.6364718970160542,0.4197288303717064,0.505480378810564,0.3868825945321305,0.935003770024825,0.7692102407615875
78,34,L07,Rim pressure transition group,spread_pnr,pace,0.2096523984808106,0.7216139117597431,0.0,1.0,0.0,0.6,0.7,0.89,0.6,0.61,0.57,0.83,0.7128920671365743,0.434716332718235,0.5652699279763477,0.7303034825337833,0.712537854840753,0.9893583445467622
78,35,L06,Balanced playoff-style unit,spread_pnr,size,0.2096523984808106,0.7216139117597431,0.0,1.0,0.0,0.76,0.75,0.66,0.79,0.66,0.78,0.63,0.95,0.4433945292064066,0.46998544032361733,0.5061936164974121,1.4405545697972066,1.0542509480847444
78,36,L09,Small-ball offensive group,empty_corner,drop,0.2096523984808106,0.7216139117597431,1.0,0.0,0.0,0.91,0.76,0.54,0.48,0.36,0.69,0.79,0.6141709072360689,0.4886205075014796,0.5874457913197777,0.4310749781691421,1.3031461888320435,0.8581581730604235
78,37,L05,Bench spacing development group,post_split,zone,0.2096523984808106,0.7216139117597431,0.0,0.0,0.0,0.81,0.54,0.49,0.52,0.43,0.58,0.71,0.76970587803722,0.4707145307871742,0.4868012219399027,0.447314683163164,0.7932914381492371,0.9303318230389389
78,38,L06,Balanced playoff-style unit,early_drag,drop,0.2096523984808106,0.7216139117597431,0.0,0.0,1.0,0.76,0.75,0.66,0.79,0.66,0.78,0.63,0.7968329588045423,0.4483717801597569,0.3790526736190418,0.673627379970134,1.1104878720194977,1.0503234530206276
78,39,L06,Balanced playoff-style unit,spread_pnr,pace,0.2096523984808106,0.7216139117597431,0.0,0.0,0.0,0.76,0.75,0.66,0.79,0.66,0.78,0.63,0.8633015836786079,0.38896427918965826,0.5043029514777706,0.6190021154185784,0.7887669191656317,1.080464912878551
78,40,L12,Late-clock creation group,spread_pnr,pressure,0.2096523984808106,0.7216139117597431,0.0,0.0,1.0,0.74,0.91,0.59,0.63,0.51,0.66,0.57,0.8468019310679187,0.38848413096134154,0.4252286922627424,0.4064776069359249,0.37630330048204924,1.0535291746841993
78,41,L07,Rim pressure transition group,early_drag,zone,0.2096523984808106,0.7216139117597431,0.0,0.0,1.0,0.6,0.7,0.89,0.6,0.61,0.57,0.83,0.8384879618403396,0.36036480194369963,0.4525044324487284,0.5914837957255038,1.1124789380636426,1.0673169716649458
78,42,L06,Balanced playoff-style unit,horns,drop,0.2096523984808106,0.7216139117597431,0.0,0.0,0.0,0.76,0.75,0.66,0.79,0.66,0.78,0.63,0.7943140601010433,0.36153935799237913,0.37676846185722007,0.6297725616292787,0.41805727587939867,1.065537619266917
78,43,L09,Small-ball offensive group,spread_pnr,pace,0.2096523984808106,0.7216139117597431,0.0,0.0,1.0,0.91,0.76,0.54,0.48,0.36,0.69,0.79,0.76031869206131,0.43721622700195706,0.49988720761693306,0.2620472826735823,1.5388906871685086,0.9940937844066108
78,44,L12,Late-clock creation group,switch_hunt,switch,0.2096523984808106,0.7216139117597431,0.0,0.0,0.0,0.74,0.91,0.59,0.63,0.51,0.66,0.57,0.7800024281256006,0.4015653135576707,0.394026304899118,0.542038881066776,0.9042057119840174,1.0323096326509331
78,45,L01,Spacing with two-way wings,early_drag,pressure,0.2096523984808106,0.7216139117597431,0.0,1.0,0.0,0.87,0.72,0.61,0.78,0.58,0.74,0.69,0.843657780552125,0.4037662686261594,0.39901557058036147,0.645820884085084,0.4163547670109151,1.0745519449178087
78,46,L09,Small-ball offensive group,spread_pnr,zone,0.2096523984808106,0.7216139117597431,0.0,0.0,1.0,0.91,0.76,0.54,0.48,0.36,0.69,0.79,0.692084950303674,0.43778017781355066,0.5616580908394546,0.42288327573867923,1.1197865443112118,0.9013418042895119
78,47,L06,Balanced playoff-style unit,switch_hunt,pace,0.2096523984808106,0.7216139117597431,0.0,1.0,0.0,0.76,0.75,0.66,0.79,0.66,0.78,0.63,0.9114133497626882,0.3833655034407706,0.37227316275158306,0.6892831337113509,0.48429119719063995,1.109887589040951
78,48,L04,Switch-heavy defensive group,spread_pnr,pace,0.2096523984808106,0.7216139117597431,1.0,0.0,0.0,0.64,0.61,0.57,0.91,0.68,0.7,0.61,0.4995598716621394,0.5041643027544742,0.34429754341822894,0.6201356467639507,1.1847108028196702,0.7668153369391096
78,49,L09,Small-ball offensive group,empty_corner,pressure,0.2096523984808106,0.7216139117597431,0.0,1.0,1.0,0.91,0.76,0.54,0.48,0.36,0.69,0.79,0.8564383919621039,0.42392860474647753,0.5381002829286419,0.420791305725313,1.48577391214437,0.978577334259294
78,50,L02,High creation guard unit,spread_pnr,pace,0.2096523984808106,0.7216139117597431,0.0,1.0,0.0,0.73,0.88,0.67,0.57,0.47,0.62,0.76,0.7679610519100069,0.42207548434453807,0.6165900329895583,0.46772341630624087,1.8085751038918547,0.9898674898510171
78,51,L06,Balanced playoff-style unit,horns,pressure,0.2096523984808106,0.7216139117597431,0.0,1.0,0.0,0.76,0.75,0.66,0.79,0.66,0.78,0.63,0.8351254633229555,0.3854091065246447,0.34069013137542764,0.5882685627872418,1.522517292258184,1.0698771886833658
78,52,L08,Low-turnover veteran group,switch_hunt,drop,0.2096523984808106,0.7216139117597431,0.0,0.0,0.0,0.69,0.68,0.55,0.69,0.59,0.91,0.52,0.7134554407877939,0.31525757510424046,0.41076961293515124,0.5601112058376603,0.5197186099372021,1.0256128293707034
78,53,L03,Big frontcourt rebound unit,post_split,zone,0.2096523984808106,0.7216139117597431,0.0,1.0,1.0,0.55,0.58,0.76,0.74,0.88,0.65,0.54,0.8918822300342896,0.41368279744349484,0.39107823246946927,0.7139179743940555,0.9872847272819425,1.1346301800035916
79,0,L08,Low-turnover veteran group,switch_hunt,zone,-0.1409830495099727,0.37424939947258284,1.0,1.0,1.0,0.69,0.68,0.55,0.69,0.59,0.91,0.52,0.7374061129653713,0.3516866930314047,0.38314567664198407,0.49787614398643365,1.1433015657454435,1.0586995643462267
79,1,L12,Late-clock creation group,horns,size,-0.1409830495099727,0.37424939947258284,1.0,0.0,0.0,0.74,0.91,0.59,0.63,0.51,0.66,0.57,0.6817170078008147,0.4585662136489013,0.4834988884300827,0.6416157961023566,1.468288359954635,0.9110624295822991
79,2,L10,Player-development evaluation group,horns,switch,-0.1409830495099727,0.37424939947258284,0.0,0.0,0.0,0.62,0.49,0.58,0.5,0.52,0.54,0.67,0.7230830676955554,0.3800799688982966,0.5047523006171176,0.527783245804163,0.9402767695088305,1.0088359366945874
79,3,L06,Balanced playoff-style unit,empty_corner,zone,-0.1409830495099727,0.37424939947258284,0.0,1.0,0.0,0.76,0.75,0.66,0.79,0.66,0.78,0.63,0.8580136468765861,0.31927639498132265,0.32821375241009965,0.6610843979456381,1.0082786178700998,1.2100311667991974
79,4,L08,Low-turnover veteran group,early_drag,switch,-0.1409830495099727,0.37424939947258284,1.0,0.0,0.0,0.69,0.68,0.55,0.69,0.59,0.91,0.52,0.6571972547579865,0.33693977280422416,0.4007258065282815,0.8695332103778046,1.2502976332712044,1.0026345270240509
79,5,L06,Balanced playoff-style unit,horns,zone,-0.1409830495099727,0.37424939947258284,1.0,1.0,0.0,0.76,0.75,0.66,0.79,0.66,0.78,0.63,0.7340348097984007,0.45690279815139434,0.3338644686668784,0.7576297229349545,1.4971360232978161,0.9645460613645293
79,6,L12,Late-clock creation group,empty_corner,pressure,-0.1409830495099727,0.37424939947258284,0.0,1.0,0.0,0.74,0.91,0.59,0.63,0.51,0.66,0.57,0.7221744727905133,0.39286785670572383,0.4787553146695978,0.4368821842434924,0.8915440135270275,1.0223113712805887
79,7,L06,Balanced playoff-style unit,horns,pressure,-0.1409830495099727,0.37424939947258284,0.0,0.0,0.0,0.76,0.75,0.66,0.79,0.66,0.78,0.63,0.6514481246404746,0.25098754524300654,0.37280706531394814,0.6428857377354895,0.7761182269110443,1.0424204563965618
79,8,L06,Balanced playoff-style unit,empty_corner,zone,-0.1409830495099727,0.37424939947258284,0.0,0.0,0.0,0.76,0.75,0.66,0.79,0.66,0.78,0.63,0.7610090937144373,0.30796418760796734,0.44343369141750544,0.6163288340974937,1.0098563393909088,1.0637919335783599
79,9,L01,Spacing with two-way wings,switch_hunt,switch,-0.1409830495099727,0.37424939947258284,1.0,1.0,0.0,0.87,0.72,0.61,0.78,0.58,0.74,0.69,0.763659458732306,0.4295740376876659,0.3275429450354529,0.559057711172267,1.3343817318618896,1.0457862131249744
79,10,L05,Bench spacing development group,horns,size,-0.1409830495099727,0.37424939947258284,1.0,0.0,0.0,0.81,0.54,0.49,0.52,0.43,0.58,0.71,0.515157640216826,0.46676057984817343,0.4122013622682864,0.4836017979604471,0.07686253593234996,0.8669085697022799
79,11,L08,Low-turnover veteran group,horns,switch,-0.1409830495099727,0.37424939947258284,0.0,0.0,0.0,0.69,0.68,0.55,0.69,0.59,0.91,0.52,0.7704803152993418,0.2935405346228206,0.44630305129490183,0.5800062265095276,1.144994862135663,1.0350054992960902
79,12,L08,Low-turnover veteran group,empty_corner,pressure,-0.1409830495099727,0.37424939947258284,0.0,0.0,1.0,0.69,0.68,0.55,0.69,0.59,0.91,0.52,0.6830047838856654,0.25757711799999317,0.40399862600876996,0.5446975074928921,0.7607254829679274,1.0221303934228632
79,13,L07,Rim pressure transition group,early_drag,size,-0.1409830495099727,0.37424939947258284,0.0,1.0,0.0,0.6,0.7,0.89,0.6,0.61,0.57,0.83,0.8698743429136806,0.39425700767896044,0.5357466767028409,0.6311867463575314,0.6912930491779893,1.0790541513977774
79,14,L01,Spacing with two-way wings,horns,pace,-0.1409830495099727,0.37424939947258284,1.0,1.0,0.0,0.87,0.72,0.61,0.78,0.58,0.74,0.69,0.676519882371163,0.442386983823081,0.3254295837997537,0.6608987746273687,1.2132956055577295,0.9725699408253843
79,15,L08,Low-turnover veteran group,horns,switch,-0.1409830495099727,0.37424939947258284,0.0,0.0,1.0,0.69,0.68,0.55,0.69,0.59,0.91,0.52,0.6871090973711755,0.17368313640777572,0.3284473232943043,0.5360954696325415,0.7253167244661906,1.026875316122819
79,16,L03,Big frontcourt rebound unit,post_split,size,-0.1409830495099727,0.37424939947258284,0.0,0.0,1.0,0.55,0.58,0.76,0.74,0.88,0.65,0.54,0.6932156994560087,0.4396935186286897,0.2635703620271063,0.8088536264169621,0.7135790271172783,1.0619682677335667
79,17,L06,Balanced playoff-style unit,switch_hunt,drop,-0.1409830495099727,0.37424939947258284,0.0,0.0,0.0,0.76,0.75,0.66,0.79,0.66,0.78,0.63,0.7322537030209635,0.23051243854954578,0.36680380595432416,0.6332298175676936,1.3487071401799,1.0878221412855715
79,18,L09,Small-ball offensive group,post_split,size,-0.1409830495099727,0.37424939947258284,0.0,0.0,0.0,0.91,0.76,0.54,0.48,0.36,0.69,0.79,0.6602228960285134,0.346136035377357,0.47066986361071095,0.3823051180977314,0.6896808753512595,0.9712029940467666
79,19,L02,High creation guard unit,post_split,pace,-0.1409830495099727,0.37424939947258284,0.0,0.0,0.0,0.73,0.88,0.67,0.57,0.47,0.62,0.76,0.731302866103381,0.3587185499241345,0.45274721072808616,0.5285587352357192,0.9010247135469778,1.0101848191848541
79,20,L11,Defensive glass control group,empty_corner,zone,-0.1409830495099727,0.37424939947258284,0.0,0.0,1.0,0.58,0.57,0.62,0.86,0.92,0.69,0.49,0.6383032126625601,0.2784678628311545,0.30265736819458683,0.7867682986797198,1.8696489687663589,1.1329668311098298
79,21,L03,Big frontcourt rebound unit,empty_corner,size,-0.1409830495099727,0.37424939947258284,0.0,1.0,0.0,0.55,0.58,0.76,0.74,0.88,0.65,0.54,0.6928634554617672,0.45881253971335617,0.23268981267519612,0.7256659019933513,1.1355674950567107,1.038136797134991
79,22,L09,Small-ball offensive group,post_split,zone,-0.1409830495099727,0.37424939947258284,0.0,0.0,0.0,0.91,0.76,0.54,0.48,0.36,0.69,0.79,0.7558620112955353,0.30713716745242153,0.5742187517410924,0.47617078891293696,1.1978266190953748,1.0342034867205134
79,23,L04,Switch-heavy defensive group,switch_hunt,drop,-0.1409830495099727,0.37424939947258284,1.0,0.0,0.0,0.64,0.61,0.57,0.91,0.68,0.7,0.61,0.5495207267263672,0.4859698078911487,0.24932977098764778,0.7135335339405567,0.9059214727862506,0.9135562688379486
79,24,L12,Late-clock creation group,switch_hunt,size,-0.1409830495099727,0.37424939947258284,0.0,0.0,0.0,0.74,0.91,0.59,0.63,0.51,0.66,0.57,0.7623019462234857,0.3033262160468543,0.47457265886391237,0.6145830363205866,1.3367144210076776,1.0295066019631522
79,25,L09,Small-ball offensive group,spread_pnr,pace,-0.1409830495099727,0.37424939947258284,0.0,0.0,0.0,0.91,0.76,0.54,0.48,0.36,0.69,0.79,0.8062568746191278,0.347593738931657,0.5348923054081153,0.3401283268861425,1.6867329438069156,1.0189379285883366
79,26,L02,High creation guard unit,empty_corner,zone,-0.1409830495099727,0.37424939947258284,0.0,0.0,0.0,0.73,0.88,0.67,0.57,0.47,0.62,0.76,0.6558563729425341,0.3595017077015571,0.44575200510100743,0.5953224691434087,1.5520941282228775,0.9956576116443595
79,27,L12,Late-clock creation group,switch_hunt,zone,-0.1409830495099727,0.37424939947258284,0.0,0.0,0.0,0.74,0.91,0.59,0.63,0.51,0.66,0.57,0.8068978534536448,0.3796817916525586,0.36112403130082593,0.622673525255657,1.3203860947826103,1.064617855792605
79,28,L05,Bench spacing development group,post_split,pressure,-0.1409830495099727,0.37424939947258284,0.0,0.0,0.0,0.81,0.54,0.49,0.52,0.43,0.58,0.71,0.6831555144924768,0.3195893699481036,0.41603250796820423,0.5071779274886382,0.9059957689558567,1.0047306129166529
79,29,L12,Late-clock creation group,early_drag,pace,-0.1409830495099727,0.37424939947258284,0.0,0.0,0.0,0.74,0.91,0.59,0.63,0.51,0.66,0.57,0.7648744665236078,0.36382431365671736,0.4113853089855596,0.596265038093259,0.34339072340806925,1.0319944606200846
79,30,L02,High creation guard unit,horns,zone,-0.1409830495099727,0.37424939947258284,0.0,0.0,0.0,0.73,0.88,0.67,0.57,0.47,0.62,0.76,0.8147162524195811,0.46307385434861814,0.44847196478594203,0.5558325482686447,1.1588333866650777,0.9794036596563116
79,31,L02,High creation guard unit,early_drag,pressure,-0.1409830495099727,0.37424939947258284,0.0,1.0,0.0,0.73,0.88,0.67,0.57,0.47,0.62,0.76,0.8376375573484622,0.35797238357534,0.4577054139164552,0.5700354465962566,1.4779335974150436,1.0422645712436664
79,32,L09,Small-ball offensive group,early_drag,pace,-0.1409830495099727,0.37424939947258284,0.0,0.0,0.0,0.91,0.76,0.54,0.48,0.36,0.69,0.79,0.8118716151086485,0.34495650409603074,0.47609814079737844,0.458080163777769,1.0496274017208556,1.0442197794907782
79,33,L09,Small-ball offensive group,spread_pnr,size,-0.1409830495099727,0.37424939947258284,0.0,0.0,0.0,0.91,0.76,0.54,0.48,0.36,0.69,0.79,0.773683693583141,0.2700875182806832,0.6297261448808574,0.49390387904176797,1.3729067657486806,1.0541468202238524
79,34,L12,Late-clock creation group,horns,pace,-0.1409830495099727,0.37424939947258284,1.0,0.0,1.0,0.74,0.91,0.59,0.63,0.51,0.66,0.57,0.5959915695792541,0.5060455429481799,0.4353275757093924,0.5664950089175703,0.6407814198351575,0.8574114641886449
79,35,L02,High creation guard unit,empty_corner,pace,-0.1409830495099727,0.37424939947258284,0.0,0.0,0.0,0.73,0.88,0.67,0.57,0.47,0.62,0.76,0.7189351196222759,0.3674811524859792,0.46198879300598955,0.39842338660630827,1.2474906237624626,1.0148990758170295
79,36,L06,Balanced playoff-style unit,empty_corner,switch,-0.1409830495099727,0.37424939947258284,0.0,0.0,0.0,0.76,0.75,0.66,0.79,0.66,0.78,0.63,0.8836696648973736,0.3110744180189626,0.3460664589156134,0.7529134014317556,0.857226404460169,1.1551664016269962
79,37,L08,Low-turnover veteran group,early_drag,size,-0.1409830495099727,0.37424939947258284,0.0,0.0,1.0,0.69,0.68,0.55,0.69,0.59,0.91,0.52,0.7679865484055033,0.28434925998952104,0.4296588789865914,0.6334316486769338,1.3298344477457542,1.0511025336355333
79,38,L06,Balanced playoff-style unit,spread_pnr,drop,-0.1409830495099727,0.37424939947258284,0.0,0.0,0.0,0.76,0.75,0.66,0.79,0.66,0.78,0.63,0.7486481527217289,0.28357480911939575,0.3675066837132063,0.641771280387459,1.1578399045456391,1.0686278874905528
79,39,L02,High creation guard unit,post_split,zone,-0.1409830495099727,0.37424939947258284,0.0,1.0,1.0,0.73,0.88,0.67,0.57,0.47,0.62,0.76,0.7738104620767997,0.3151438046731368,0.4603545065977002,0.573653611794382,1.0068034189571213,1.0536529736437212
79,40,L12,Late-clock creation group,switch_hunt,drop,-0.1409830495099727,0.37424939947258284,0.0,0.0,0.0,0.74,0.91,0.59,0.63,0.51,0.66,0.57,0.8945300616075798,0.3588337182634726,0.4084977622785303,0.5534368067243157,0.8510731230529833,1.0994312222496274
79,41,L08,Low-turnover veteran group,spread_pnr,drop,-0.1409830495099727,0.37424939947258284,0.0,1.0,0.0,0.69,0.68,0.55,0.69,0.59,0.91,0.52,0.7551852987744991,0.23714177343727355,0.37255469206418534,0.5430329502581033,1.651191940312811,1.0673926573727526
79,42,L11,Defensive glass control group,early_drag,drop,-0.1409830495099727,0.37424939947258284,0.0,0.0,0.0,0.58,0.57,0.62,0.86,0.92,0.69,0.49,0.6607301412587384,0.2966730937236376,0.28724468378953766,0.9046557627235404,1.1319725239027236,1.0872634257755935
79,43,L02,High creation guard unit,empty_corner,pressure,-0.1409830495099727,0.37424939947258284,0.0,0.0,0.0,0.73,0.88,0.67,0.57,0.47,0.62,0.76,0.7848590154527464,0.4302854180378313,0.5279842572686951,0.49568405007022004,1.1496480468953072,1.0646166061969848
79,44,L03,Big frontcourt rebound unit,switch_hunt,zone,-0.1409830495099727,0.37424939947258284,1.0,0.0,1.0,0.55,0.58,0.76,0.74,0.88,0.65,0.54,0.5825650340337789,0.4530290121771819,0.2801382197787122,0.8269559419435728,1.788843534843654,0.9539756433097358
79,45,L12,Late-clock creation group,early_drag,zone,-0.1409830495099727,0.37424939947258284,0.0,0.0,1.0,0.74,0.91,0.59,0.63,0.51,0.66,0.57,0.7629566023324227,0.39060012235039254,0.4080504406490001,0.4242054446439457,1.489464008154363,1.0254389149010448
79,46,L07,Rim pressure transition group,spread_pnr,drop,-0.1409830495099727,0.37424939947258284,0.0,0.0,0.0,0.6,0.7,0.89,0.6,0.61,0.57,0.83,0.8318421516807075,0.4098338031911325,0.4866166302590391,0.7084440634501883,0.9528939448865325,1.1153852548272536
79,47,L09,Small-ball offensive group,horns,pressure,-0.1409830495099727,0.37424939947258284,0.0,0.0,0.0,0.91,0.76,0.54,0.48,0.36,0.69,0.79,0.7699629193214552,0.31998928110393243,0.5037615651033606,0.4604301315425624,0.2198540551898145,1.0372079390206188
79,48,L11,Defensive glass control group,post_split,drop,-0.1409830495099727,0.37424939947258284,0.0,0.0,0.0,0.58,0.57,0.62,0.86,0.92,0.69,0.49,0.6097082865813888,0.4264842138594445,0.23820871182190373,0.8893868593065449,0.6381260772617205,1.0611362109319662
79,49,L11,Defensive glass control group,spread_pnr,pressure,-0.1409830495099727,0.37424939947258284,0.0,1.0,0.0,0.58,0.57,0.62,0.86,0.92,0.69,0.49,0.8712491809299283,0.3621914369740479,0.24970503312580583,0.7611643180274021,0.7023345828198049,1.1212203702268118
79,50,L04,Switch-heavy defensive group,switch_hunt,switch,-0.1409830495099727,0.37424939947258284,0.0,1.0,0.0,0.64,0.61,0.57,0.91,0.68,0.7,0.61,0.6973643302445873,0.2799886152746588,0.2670546795610438,0.6884389383659737,1.4050624182324483,1.1120191998398785
79,51,L12,Late-clock creation group,early_drag,pace,-0.1409830495099727,0.37424939947258284,0.0,0.0,0.0,0.74,0.91,0.59,0.63,0.51,0.66,0.57,0.810521638129837,0.22443113111931398,0.4521111314986712,0.5615503567334745,1.2004341525075928,1.0983627718450795
79,52,L03,Big frontcourt rebound unit,horns,drop,-0.1409830495099727,0.37424939947258284,0.0,0.0,0.0,0.55,0.58,0.76,0.74,0.88,0.65,0.54,0.6789009507895243,0.4062131935988157,0.3449718931407769,0.8176576109680762,0.9165859991047564,1.0097330760194598
79,53,L03,Big frontcourt rebound unit,post_split,drop,-0.1409830495099727,0.37424939947258284,1.0,0.0,0.0,0.55,0.58,0.76,0.74,0.88,0.65,0.54,0.49734164770909567,0.49179387065193203,0.32915810300302845,0.7436996009571806,1.3095282496625962,0.9002469970448022
80,0,L02,High creation guard unit,empty_corner,zone,0.5948047413636829,0.05832694804167701,0.0,0.0,0.0,0.73,0.88,0.67,0.57,0.47,0.62,0.76,0.7802563742524651,0.33916980699018057,0.500564473615489,0.4484396474354309,1.3342901950683075,1.030398029713549
80,1,L12,Late-clock creation group,post_split,zone,0.5948047413636829,0.05832694804167701,0.0,0.0,0.0,0.74,0.91,0.59,0.63,0.51,0.66,0.57,0.7535322069479122,0.35060665384560014,0.3799729785117516,0.5954752694267847,1.174336857708794,1.0406485135864647
80,2,L09,Small-ball offensive group,empty_corner,pace,0.5948047413636829,0.05832694804167701,0.0,0.0,0.0,0.91,0.76,0.54,0.48,0.36,0.69,0.79,0.7812516062360565,0.35216804570048416,0.4590537250167052,0.2561230548274259,1.1851356873083292,1.0338017219494395
80,3,L03,Big frontcourt rebound unit,empty_corner,size,0.5948047413636829,0.05832694804167701,0.0,0.0,0.0,0.55,0.58,0.76,0.74,0.88,0.65,0.54,0.6141369284315192,0.3844607209349554,0.29672429608188233,0.8170593839393434,0.7579313721418361,1.0224233375341623
80,4,L04,Switch-heavy defensive group,spread_pnr,pressure,0.5948047413636829,0.05832694804167701,0.0,1.0,1.0,0.64,0.61,0.57,0.91,0.68,0.7,0.61,0.7598830643558216,0.29948810906510737,0.2566738773025605,0.5401590484203929,0.7696869379899444,1.110705114375626
80,5,L07,Rim pressure transition group,spread_pnr,switch,0.5948047413636829,0.05832694804167701,0.0,0.0,0.0,0.6,0.7,0.89,0.6,0.61,0.57,0.83,0.7537518613770134,0.3228127485275378,0.4565060010302924,0.6246535794130788,1.2551874956919509,1.07721567716522
80,6,L07,Rim pressure transition group,early_drag,zone,0.5948047413636829,0.05832694804167701,0.0,0.0,0.0,0.6,0.7,0.89,0.6,0.61,0.57,0.83,0.7048385492980184,0.3683380389802339,0.47393836513534854,0.5095827082116869,1.6453550173125786,0.9850397256863633
80,7,L06,Balanced playoff-style unit,switch_hunt,size,0.5948047413636829,0.05832694804167701,1.0,0.0,0.0,0.76,0.75,0.66,0.79,0.66,0.78,0.63,0.6117002562517713,0.45032960361845653,0.36337313846698016,0.6021871263034487,0.36653593529153433,0.7962026741732887
80,8,L05,Bench spacing development group,early_drag,pace,0.5948047413636829,0.05832694804167701,1.0,0.0,0.0,0.81,0.54,0.49,0.52,0.43,0.58,0.71,0.5492769343120893,0.596027643617063,0.4076162181206773,0.4835279933459564,1.0054125994991836,0.7032399550137706
80,9,L06,Balanced playoff-style unit,spread_pnr,pressure,0.5948047413636829,0.05832694804167701,0.0,0.0,0.0,0.76,0.75,0.66,0.79,0.66,0.78,0.63,0.7298736036778654,0.2630506867934821,0.4027338527705128,0.6390990878292047,1.0033481107683728,1.1316952334123804
80,10,L09,Small-ball offensive group,switch_hunt,drop,0.5948047413636829,0.05832694804167701,0.0,0.0,0.0,0.91,0.76,0.54,0.48,0.36,0.69,0.79,0.6617015138307434,0.37297547814878484,0.4996044607735411,0.32502714195276494,0.6676515870769887,0.9862650385901188
80,11,L02,High creation guard unit,empty_corner,drop,0.5948047413636829,0.05832694804167701,0.0,0.0,0.0,0.73,0.88,0.67,0.57,0.47,0.62,0.76,0.7585279658677812,0.40991959425797525,0.4394924194705112,0.42145648003141667,1.0110832048250586,1.0599793123543655
80,12,L02,High creation guard unit,switch_hunt,drop,0.5948047413636829,0.05832694804167701,0.0,0.0,0.0,0.73,0.88,0.67,0.57,0.47,0.62,0.76,0.8031830381602808,0.3673551228001513,0.4251356749156807,0.373114632789191,1.1398836638258891,1.055813697562364
80,13,L02,High creation guard unit,switch_hunt,zone,0.5948047413636829,0.05832694804167701,1.0,1.0,0.0,0.73,0.88,0.67,0.57,0.47,0.62,0.76,0.7112912186602843,0.482845433633751,0.5017643915264669,0.46088558689298786,1.0428947992991822,0.8942108356682953
80,14,L10,Player-development evaluation group,switch_hunt,pace,0.5948047413636829,0.05832694804167701,0.0,1.0,1.0,0.62,0.49,0.58,0.5,0.52,0.54,0.67,0.700288621944078,0.44054209160554775,0.4446125287406241,0.40390176885526097,0.8677532895685776,0.8688440898765466
80,15,L07,Rim pressure transition group,early_drag,size,0.5948047413636829,0.05832694804167701,0.0,0.0,0.0,0.6,0.7,0.89,0.6,0.61,0.57,0.83,0.7993785549575969,0.41007911282105936,0.46873776778118414,0.550297729523764,1.0981931160008673,1.0942788811335715
80,16,L06,Balanced playoff-style unit,switch_hunt,zone,0.5948047413636829,0.05832694804167701,1.0,0.0,0.0,0.76,0.75,0.66,0.79,0.66,0.78,0.63,0.680179860599478,0.5267271971533086,0.3018553621105514,0.641120548329382,0.9482929931968621,0.9545395643143871
80,17,L04,Switch-heavy defensive group,switch_hunt,switch,0.5948047413636829,0.05832694804167701,0.0,0.0,0.0,0.64,0.61,0.57,0.91,0.68,0.7,0.61,0.6612432024135833,0.302922293505542,0.27407033593910446,0.542987309740927,0.9354093378455601,1.0522043759167143
80,18,L08,Low-turnover veteran group,empty_corner,pace,0.5948047413636829,0.05832694804167701,0.0,0.0,0.0,0.69,0.68,0.55,0.69,0.59,0.91,0.52,0.716052373381402,0.3169730595247153,0.3665018194874834,0.6344145351360608,0.9846960197728684,1.105663652790209
80,19,L02,High creation guard unit,horns,drop,0.5948047413636829,0.05832694804167701,0.0,0.0,0.0,0.73,0.88,0.67,0.57,0.47,0.62,0.76,0.7175531427569737,0.3813973904361931,0.5080649928853133,0.3918119496315512,0.958925176499777,1.0381561431727795
80,20,L09,Small-ball offensive group,post_split,pace,0.5948047413636829,0.05832694804167701,0.0,0.0,0.0,0.91,0.76,0.54,0.48,0.36,0.69,0.79,0.7466331976651157,0.3294995555825072,0.5345018485826846,0.38341007580973996,1.1994748680177794,1.004366451123836
80,21,L02,High creation guard unit,empty_corner,switch,0.5948047413636829,0.05832694804167701,1.0,0.0,0.0,0.73,0.88,0.67,0.57,0.47,0.62,0.76,0.5811558952934036,0.43288444856696,0.38807477117738765,0.4875151104290832,0.9236228102415517,0.9231188847490964
80,22,L10,Player-development evaluation group,empty_corner,pressure,0.5948047413636829,0.05832694804167701,0.0,0.0,0.0,0.62,0.49,0.58,0.5,0.52,0.54,0.67,0.7197738942449623,0.4091723497635614,0.43675120812127255,0.48950087791467806,0.5309627433621138,1.0717961977855432
80,23,L08,Low-turnover veteran group,post_split,pressure,0.5948047413636829,0.05832694804167701,0.0,0.0,0.0,0.69,0.68,0.55,0.69,0.59,0.91,0.52,0.7066171033873648,0.2801294301048254,0.22803768116156267,0.47230991884858753,1.1797839882201684,1.0255655636901728
80,24,L07,Rim pressure transition group,switch_hunt,switch,0.5948047413636829,0.05832694804167701,0.0,1.0,0.0,0.6,0.7,0.89,0.6,0.61,0.57,0.83,0.8829006167934078,0.43702389977696,0.37402525255230945,0.49196219591053647,1.7042124695066307,1.1134860272034723
80,25,L04,Switch-heavy defensive group,early_drag,switch,0.5948047413636829,0.05832694804167701,0.0,1.0,0.0,0.64,0.61,0.57,0.91,0.68,0.7,0.61,0.7110790058727495,0.3634969888774951,0.32936217646157717,0.5565754802602281,1.0976501549310953,1.0649394443707088
80,26,L01,Spacing with two-way wings,switch_hunt,pace,0.5948047413636829,0.05832694804167701,0.0,0.0,0.0,0.87,0.72,0.61,0.78,0.58,0.74,0.69,0.7711106304075768,0.4385696502531577,0.32772542751890976,0.4862939214881207,1.429474911445212,1.0666472021370437
80,27,L10,Player-development evaluation group,switch_hunt,pace,0.5948047413636829,0.05832694804167701,0.0,0.0,0.0,0.62,0.49,0.58,0.5,0.52,0.54,0.67,0.6685460266258713,0.4453926498084043,0.41831338178711974,0.40183499517911364,1.3594521808894149,0.8787259454044071
80,28,L08,Low-turnover veteran group,empty_corner,drop,0.5948047413636829,0.05832694804167701,0.0,1.0,0.0,0.69,0.68,0.55,0.69,0.59,0.91,0.52,0.8370501664379693,0.21569033912623783,0.32312919510118576,0.4849691131560005,1.282480836203771,1.2651206867275626
80,29,L08,Low-turnover veteran group,post_split,pace,0.5948047413636829,0.05832694804167701,0.0,1.0,0.0,0.69,0.68,0.55,0.69,0.59,0.91,0.52,0.809767503933953,0.23680577883595635,0.3299392863111607,0.49272544926076545,1.3183363886731008,1.2002095731179878
80,30,L04,Switch-heavy defensive group,spread_pnr,size,0.5948047413636829,0.05832694804167701,0.0,0.0,0.0,0.64,0.61,0.57,0.91,0.68,0.7,0.61,0.5672732474640045,0.37767763722062375,0.2769516411587861,0.5686824927947708,0.9955894720575467,1.0605801736873581
80,31,L08,Low-turnover veteran group,spread_pnr,size,0.5948047413636829,0.05832694804167701,1.0,0.0,0.0,0.69,0.68,0.55,0.69,0.59,0.91,0.52,0.5415843203622683,0.36518827190037156,0.3477983776644025,0.5517526322004859,0.9632469531501484,0.8760484012786373
80,32,L01,Spacing with two-way wings,horns,switch,0.5948047413636829,0.05832694804167701,1.0,0.0,0.0,0.87,0.72,0.61,0.78,0.58,0.74,0.69,0.5504002605297653,0.4967904358989506,0.4227084659234863,0.5406436827915356,1.508459546230206,0.8307399253123001
80,33,L02,High creation guard unit,empty_corner,pressure,0.5948047413636829,0.05832694804167701,0.0,0.0,0.0,0.73,0.88,0.67,0.57,0.47,0.62,0.76,0.95,0.4232253797065923,0.4471930597275126,0.3530113435031638,1.2234898118268098,1.0143829873038128
80,34,L09,Small-ball offensive group,empty_corner,drop,0.5948047413636829,0.05832694804167701,0.0,1.0,0.0,0.91,0.76,0.54,0.48,0.36,0.69,0.79,0.7716967419051519,0.3591640960943455,0.49710730334124087,0.35676436779467413,1.512814517272702,1.0389175708811351
80,35,L09,Small-ball offensive group,post_split,size,0.5948047413636829,0.05832694804167701,0.0,0.0,1.0,0.91,0.76,0.54,0.48,0.36,0.69,0.79,0.8086861700964953,0.32207317487434206,0.5622479838926274,0.36515374136855144,1.2743537843974637,1.0036555938808254
80,36,L10,Player-development evaluation group,horns,zone,0.5948047413636829,0.05832694804167701,0.0,1.0,0.0,0.62,0.49,0.58,0.5,0.52,0.54,0.67,0.6214220240747891,0.35973215210587167,0.5108679385535881,0.4708129117528056,0.8491103554154329,0.9031524782647228
80,37,L12,Late-clock creation group,empty_corner,pressure,0.5948047413636829,0.05832694804167701,0.0,0.0,0.0,0.74,0.91,0.59,0.63,0.51,0.66,0.57,0.7566187626731926,0.4225379835104433,0.33425954910315264,0.4604646460886334,1.439820010034815,1.0205638528297503
80,38,L07,Rim pressure transition group,post_split,switch,0.5948047413636829,0.05832694804167701,1.0,0.0,1.0,0.6,0.7,0.89,0.6,0.61,0.57,0.83,0.6088979744233678,0.45225973091104665,0.3211119089819697,0.5781431320215604,1.4001010896665598,0.981510488957477
80,39,L01,Spacing with two-way wings,post_split,pressure,0.5948047413636829,0.05832694804167701,0.0,0.0,1.0,0.87,0.72,0.61,0.78,0.58,0.74,0.69,0.9018056588274346,0.3824536927930857,0.37426988747621986,0.5119027642485482,1.3288416737839686,1.1282862258554287
80,40,L11,Defensive glass control group,spread_pnr,drop,0.5948047413636829,0.05832694804167701,1.0,1.0,0.0,0.58,0.57,0.62,0.86,0.92,0.69,0.49,0.47170675114790794,0.4327523991139084,0.27573217544902795,0.8260985115491466,1.1062738473827325,0.8849904208896442
80,41,L10,Player-development evaluation group,empty_corner,pressure,0.5948047413636829,0.05832694804167701,0.0,0.0,0.0,0.62,0.49,0.58,0.5,0.52,0.54,0.67,0.7200757709831743,0.41425457731796106,0.3987168400975043,0.38826095088071727,0.9103846540395943,1.0895393159014717
80,42,L11,Defensive glass control group,horns,drop,0.5948047413636829,0.05832694804167701,0.0,0.0,0.0,0.58,0.57,0.62,0.86,0.92,0.69,0.49,0.7600805943089327,0.3983272240266893,0.2297417197476382,0.7027903657952546,1.411135598985908,1.1067834582936262
80,43,L05,Bench spacing development group,early_drag,zone,0.5948047413636829,0.05832694804167701,1.0,0.0,0.0,0.81,0.54,0.49,0.52,0.43,0.58,0.71,0.6476559923331565,0.45193166932906725,0.46483882720396447,0.5077709558035167,0.8730703875762956,1.0257640380186304
80,44,L06,Balanced playoff-style unit,spread_pnr,zone,0.5948047413636829,0.05832694804167701,0.0,0.0,0.0,0.76,0.75,0.66,0.79,0.66,0.78,0.63,0.7111864833704062,0.3398059229376876,0.24446090109095053,0.4874745109295562,1.2939709780640112,1.0812686222800791
80,45,L11,Defensive glass control group,post_split,switch,0.5948047413636829,0.05832694804167701,0.0,0.0,0.0,0.58,0.57,0.62,0.86,0.92,0.69,0.49,0.7525039039761098,0.35461193742790403,0.2858752696810023,0.7598836163438982,0.5140718910464148,1.0957523433735075
80,46,L05,Bench spacing development group,horns,size,0.5948047413636829,0.05832694804167701,0.0,0.0,0.0,0.81,0.54,0.49,0.52,0.43,0.58,0.71,0.7387197426999779,0.41941841364120486,0.49696752872599165,0.3537861750673871,1.1164444839947523,1.0494625260862551
80,47,L06,Balanced playoff-style unit,early_drag,pace,0.5948047413636829,0.05832694804167701,0.0,0.0,0.0,0.76,0.75,0.66,0.79,0.66,0.78,0.63,0.8024060952133784,0.25272011623709234,0.23553087428638486,0.5986311959976028,1.6329519059030908,1.1808075444583221
80,48,L11,Defensive glass control group,early_drag,drop,0.5948047413636829,0.05832694804167701,0.0,1.0,1.0,0.58,0.57,0.62,0.86,0.92,0.69,0.49,0.7923945970907119,0.3653929342486479,0.2506940169761915,0.6936855267795123,1.1515762840431465,1.132974566028996
80,49,L04,Switch-heavy defensive group,switch_hunt,drop,0.5948047413636829,0.05832694804167701,0.0,1.0,0.0,0.64,0.61,0.57,0.91,0.68,0.7,0.61,0.7731253866455963,0.338332034143333,0.22846147032171243,0.46770796477149934,1.420002697680681,1.1033694755158785
80,50,L05,Bench spacing development group,spread_pnr,pressure,0.5948047413636829,0.05832694804167701,1.0,0.0,1.0,0.81,0.54,0.49,0.52,0.43,0.58,0.71,0.531383213033486,0.48350406738643875,0.49477515308116077,0.3855109850043433,0.7924002984645768,0.9056358582575456
80,51,L01,Spacing with two-way wings,early_drag,switch,0.5948047413636829,0.05832694804167701,0.0,0.0,1.0,0.87,0.72,0.61,0.78,0.58,0.74,0.69,0.8485549918041985,0.27675218904642734,0.28173895388123527,0.5745684832218805,1.1326023912163559,1.2483253606150624
80,52,L06,Balanced playoff-style unit,spread_pnr,zone,0.5948047413636829,0.05832694804167701,0.0,0.0,0.0,0.76,0.75,0.66,0.79,0.66,0.78,0.63,0.7126499307148347,0.37616023244564983,0.337722779576639,0.4934309868546948,0.9620525099880102,1.0686854889321027
80,53,L04,Switch-heavy defensive group,empty_corner,drop,0.5948047413636829,0.05832694804167701,0.0,0.0,0.0,0.64,0.61,0.57,0.91,0.68,0.7,0.61,0.6684922827472686,0.4838918960433472,0.20909355781909233,0.7465004862031358,0.7068801406534422,1.0606858885883443
81,0,L04,Switch-heavy defensive group,early_drag,drop,0.6991735413048158,0.3093207883435128,1.0,0.0,0.0,0.64,0.61,0.57,0.91,0.68,0.7,0.61,0.4881706651288151,0.4517476298385419,0.34289447068364576,0.5978023475937709,0.4384119476528253,0.9069171525990934
81,1,L06,Balanced playoff-style unit,early_drag,size,0.6991735413048158,0.3093207883435128,0.0,0.0,0.0,0.76,0.75,0.66,0.79,0.66,0.78,0.63,0.8073790556320947,0.46712743854815014,0.2665787306620167,0.5211931291660727,0.5362057997068105,1.1071456633421117
81,2,L03,Big frontcourt rebound unit,switch_hunt,pace,0.6991735413048158,0.3093207883435128,0.0,0.0,0.0,0.55,0.58,0.76,0.74,0.88,0.65,0.54,0.6675020623996946,0.42579050118537115,0.28944177183751996,0.6839600447164962,0.9176586350222476,1.0552695126953868
81,3,L03,Big frontcourt rebound unit,horns,pressure,0.6991735413048158,0.3093207883435128,1.0,0.0,0.0,0.55,0.58,0.76,0.74,0.88,0.65,0.54,0.5451470130879436,0.49546933203635424,0.27476862797059254,0.8314492012755956,1.7287565399348446,0.9310560853216068
81,4,L06,Balanced playoff-style unit,horns,pressure,0.6991735413048158,0.3093207883435128,0.0,1.0,1.0,0.76,0.75,0.66,0.79,0.66,0.78,0.63,0.8808781546467241,0.3792133394596982,0.43948405392450896,0.6442788423543365,1.0916638628691864,1.074879280981076
81,5,L05,Bench spacing development group,spread_pnr,drop,0.6991735413048158,0.3093207883435128,0.0,0.0,1.0,0.81,0.54,0.49,0.52,0.43,0.58,0.71,0.6660969933558447,0.40997143937490593,0.4103764936947611,0.34775021992159616,1.0664304399355056,1.025172329936001
81,6,L12,Late-clock creation group,switch_hunt,pace,0.6991735413048158,0.3093207883435128,0.0,0.0,0.0,0.74,0.91,0.59,0.63,0.51,0.66,0.57,0.7717534350950672,0.4567940331785697,0.387102949379485,0.37991382913402316,1.4800369552955208,1.0111631429420769
81,7,L10,Player-development evaluation group,early_drag,zone,0.6991735413048158,0.3093207883435128,0.0,0.0,0.0,0.62,0.49,0.58,0.5,0.52,0.54,0.67,0.7064553172738246,0.44947077271142194,0.42604863898430906,0.4294043263024584,0.9595683814476488,0.9757727987744659
81,8,L09,Small-ball offensive group,horns,size,0.6991735413048158,0.3093207883435128,0.0,0.0,0.0,0.91,0.76,0.54,0.48,0.36,0.69,0.79,0.8273586899568914,0.40281853379720656,0.430936121411004,0.3117583273590952,0.9058856304354039,1.001830773088963
81,9,L06,Balanced playoff-style unit,empty_corner,drop,0.6991735413048158,0.3093207883435128,0.0,0.0,0.0,0.76,0.75,0.66,0.79,0.66,0.78,0.63,0.8412647993468083,0.338373898322722,0.2123609528205854,0.48312717586100173,0.33098564740645753,1.1202771639990983
81,10,L08,Low-turnover veteran group,switch_hunt,switch,0.6991735413048158,0.3093207883435128,0.0,0.0,0.0,0.69,0.68,0.55,0.69,0.59,0.91,0.52,0.7095798204762296,0.280978095826228,0.42664263997846186,0.51928024902053,1.5673737590533103,1.0183195672812675
81,11,L05,Bench spacing development group,spread_pnr,switch,0.6991735413048158,0.3093207883435128,0.0,0.0,0.0,0.81,0.54,0.49,0.52,0.43,0.58,0.71,0.6034896363220066,0.4082184469179654,0.3992932148460022,0.2868026526527659,0.20701976859071838,0.9604217139392038
81,12,L06,Balanced playoff-style unit,early_drag,pace,0.6991735413048158,0.3093207883435128,0.0,0.0,0.0,0.76,0.75,0.66,0.79,0.66,0.78,0.63,0.7932351947005786,0.42854344584068677,0.42401716038921533,0.482995062240805,1.189092760347051,1.0402281102003599
81,13,L04,Switch-heavy defensive group,post_split,pace,0.6991735413048158,0.3093207883435128,0.0,0.0,1.0,0.64,0.61,0.57,0.91,0.68,0.7,0.61,0.7782152346057004,0.33728720412267976,0.17587291588445728,0.5717331491158026,0.6831409769645451,1.1223841268101662
81,14,L06,Balanced playoff-style unit,horns,drop,0.6991735413048158,0.3093207883435128,0.0,1.0,0.0,0.76,0.75,0.66,0.79,0.66,0.78,0.63,0.8992439537429574,0.3101190335556239,0.3799697587614053,0.49783271670698526,1.3266865618012331,1.1841857592819864
81,15,L06,Balanced playoff-style unit,horns,switch,0.6991735413048158,0.3093207883435128,0.0,1.0,0.0,0.76,0.75,0.66,0.79,0.66,0.78,0.63,0.9059366070002549,0.3267976639199104,0.3422931037192577,0.5762972149861082,1.0280433873129833,1.1232839572267619
81,16,L09,Small-ball offensive group,spread_pnr,switch,0.6991735413048158,0.3093207883435128,1.0,0.0,0.0,0.91,0.76,0.54,0.48,0.36,0.69,0.79,0.5926459580072198,0.4558226050070824,0.5053700313614813,0.37494786798539187,0.14675566105946833,0.9298576263287149
81,17,L12,Late-clock creation group,early_drag,switch,0.6991735413048158,0.3093207883435128,0.0,0.0,1.0,0.74,0.91,0.59,0.63,0.51,0.66,0.57,0.7542652651619225,0.38813606149970437,0.34601367330872046,0.4402881726659321,0.5600446605567145,1.0064494700901523
81,18,L05,Bench spacing development group,post_split,size,0.6991735413048158,0.3093207883435128,1.0,0.0,0.0,0.81,0.54,0.49,0.52,0.43,0.58,0.71,0.598741827027663,0.6295896372620318,0.5895995484279931,0.2754907208973271,1.1251944084120655,0.7564864395541749
81,19,L05,Bench spacing development group,early_drag,drop,0.6991735413048158,0.3093207883435128,0.0,0.0,1.0,0.81,0.54,0.49,0.52,0.43,0.58,0.71,0.6795838250048266,0.38820834139464755,0.5418913194666898,0.3447954960886948,1.6047918606766933,0.9601178236503602
81,20,L03,Big frontcourt rebound unit,empty_corner,zone,0.6991735413048158,0.3093207883435128,0.0,0.0,0.0,0.55,0.58,0.76,0.74,0.88,0.65,0.54,0.7463220693415253,0.3260504377945308,0.4459288045031532,0.7064516159259638,0.7125195358018226,1.0662426186884408
81,21,L06,Balanced playoff-style unit,early_drag,zone,0.6991735413048158,0.3093207883435128,0.0,0.0,0.0,0.76,0.75,0.66,0.79,0.66,0.78,0.63,0.7304931363523043,0.4441535334844094,0.35270817458883286,0.5820672152806419,0.7585268779221297,1.0527649857808812
81,22,L02,High creation guard unit,post_split,size,0.6991735413048158,0.3093207883435128,0.0,0.0,0.0,0.73,0.88,0.67,0.57,0.47,0.62,0.76,0.6652740247355045,0.45471325043917293,0.45842035313107143,0.387918965269212,1.111113726101046,0.9354564419358607
81,23,L07,Rim pressure transition group,empty_corner,switch,0.6991735413048158,0.3093207883435128,1.0,0.0,1.0,0.6,0.7,0.89,0.6,0.61,0.57,0.83,0.6286943070103503,0.5101594505155272,0.41500245611051506,0.5367353304655041,1.4014217225750107,0.9135865441132726
81,24,L08,Low-turnover veteran group,horns,size,0.6991735413048158,0.3093207883435128,0.0,0.0,1.0,0.69,0.68,0.55,0.69,0.59,0.91,0.52,0.7256091068432516,0.3544434214351641,0.3495840088786925,0.4480745076293512,1.1456307043965146,1.0242844733387095
81,25,L04,Switch-heavy defensive group,switch_hunt,pressure,0.6991735413048158,0.3093207883435128,0.0,0.0,0.0,0.64,0.61,0.57,0.91,0.68,0.7,0.61,0.7243164267843453,0.37003352188790706,0.2778036503963239,0.5993693698343827,0.925587464742925,1.078131622817373
81,26,L04,Switch-heavy defensive group,post_split,zone,0.6991735413048158,0.3093207883435128,0.0,1.0,1.0,0.64,0.61,0.57,0.91,0.68,0.7,0.61,0.7434436740776039,0.4907034150575165,0.2324811489308921,0.5299181644005945,1.312495601471296,1.1017089868551384
81,27,L01,Spacing with two-way wings,switch_hunt,pace,0.6991735413048158,0.3093207883435128,0.0,0.0,0.0,0.87,0.72,0.61,0.78,0.58,0.74,0.69,0.8784178618848877,0.41171047013912815,0.4167124234645403,0.4760427220422195,1.2311355586957808,1.0709382780654386
81,28,L12,Late-clock creation group,switch_hunt,pace,0.6991735413048158,0.3093207883435128,0.0,1.0,0.0,0.74,0.91,0.59,0.63,0.51,0.66,0.57,0.8480936060456323,0.3677953647118933,0.37546106733613466,0.4354204693043425,1.5211116381496022,1.0219735758847917
81,29,L11,Defensive glass control group,post_split,pressure,0.6991735413048158,0.3093207883435128,0.0,1.0,0.0,0.58,0.57,0.62,0.86,0.92,0.69,0.49,0.7868139739478096,0.3595062791235571,0.18882526333938043,0.6751442388559135,1.497326199168362,1.0917090264578666
81,30,L04,Switch-heavy defensive group,switch_hunt,pressure,0.6991735413048158,0.3093207883435128,0.0,1.0,0.0,0.64,0.61,0.57,0.91,0.68,0.7,0.61,0.7991718812730654,0.3711583108358238,0.3203598634107763,0.5404784175849751,1.0454584660984367,1.0836797218600904
81,31,L02,High creation guard unit,post_split,drop,0.6991735413048158,0.3093207883435128,0.0,0.0,1.0,0.73,0.88,0.67,0.57,0.47,0.62,0.76,0.7987891932448933,0.4476367419927715,0.46114139644219815,0.3718760073894981,1.0354253640891609,0.9778104387318424
81,32,L07,Rim pressure transition group,early_drag,zone,0.6991735413048158,0.3093207883435128,1.0,0.0,1.0,0.6,0.7,0.89,0.6,0.61,0.57,0.83,0.46858512823693693,0.5679568840295136,0.4338190653694131,0.382033178311749,0.45766617914005103,0.6835003189978776
81,33,L01,Spacing with two-way wings,empty_corner,size,0.6991735413048158,0.3093207883435128,0.0,1.0,0.0,0.87,0.72,0.61,0.78,0.58,0.74,0.69,0.8034587602439613,0.40202101703619647,0.33251349657650753,0.4905510501034421,1.1789798310053445,1.0732841055880251
81,34,L09,Small-ball offensive group,post_split,size,0.6991735413048158,0.3093207883435128,0.0,0.0,1.0,0.91,0.76,0.54,0.48,0.36,0.69,0.79,0.8564191778268525,0.402832196921233,0.5831510318668627,0.3339726789077618,0.9616161859346005,0.9879736774675134
81,35,L11,Defensive glass control group,horns,zone,0.6991735413048158,0.3093207883435128,0.0,1.0,0.0,0.58,0.57,0.62,0.86,0.92,0.69,0.49,0.7622456653259992,0.45836940782290236,0.3058557404088685,0.7633842555223903,1.4540125032521283,1.0382135021374925
81,36,L08,Low-turnover veteran group,post_split,size,0.6991735413048158,0.3093207883435128,0.0,0.0,0.0,0.69,0.68,0.55,0.69,0.59,0.91,0.52,0.7538040336581556,0.37042935340016936,0.28953947956945836,0.5003715625274002,0.04881546252475328,1.0669893437334712
81,37,L01,Spacing with two-way wings,horns,pressure,0.6991735413048158,0.3093207883435128,0.0,0.0,0.0,0.87,0.72,0.61,0.78,0.58,0.74,0.69,0.7276156731693181,0.33057698923403733,0.3107429690323856,0.5936962173194483,0.7470724359843661,1.0540690007489042
81,38,L03,Big frontcourt rebound unit,post_split,pace,0.6991735413048158,0.3093207883435128,0.0,1.0,0.0,0.55,0.58,0.76,0.74,0.88,0.65,0.54,0.6381264720683537,0.34695564720146377,0.3327050706475663,0.7077663457346938,0.8662842687188216,1.0866737364848396
81,39,L06,Balanced playoff-style unit,switch_hunt,zone,0.6991735413048158,0.3093207883435128,0.0,0.0,0.0,0.76,0.75,0.66,0.79,0.66,0.78,0.63,0.7871528037126597,0.3105408945613614,0.30235319036830133,0.45116730630245677,0.3814313779345029,1.1297928298533209
81,40,L11,Defensive glass control group,spread_pnr,drop,0.6991735413048158,0.3093207883435128,0.0,1.0,1.0,0.58,0.57,0.62,0.86,0.92,0.69,0.49,0.628391652509247,0.4156620937329004,0.21121925694051646,0.747652013998358,0.2607238522758275,1.0266695248885853
81,41,L09,Small-ball offensive group,horns,pressure,0.6991735413048158,0.3093207883435128,0.0,0.0,1.0,0.91,0.76,0.54,0.48,0.36,0.69,0.79,0.763368821194034,0.38353743078254154,0.5476843568562465,0.303105889982068,0.76180946315342,1.0005357108504394
81,42,L10,Player-development evaluation group,switch_hunt,size,0.6991735413048158,0.3093207883435128,0.0,0.0,1.0,0.62,0.49,0.58,0.5,0.52,0.54,0.67,0.6583373621692564,0.40961248478181733,0.5142513025701567,0.4363425230742099,0.3558688491005124,0.9215697693920968
81,43,L03,Big frontcourt rebound unit,switch_hunt,pace,0.6991735413048158,0.3093207883435128,0.0,0.0,0.0,0.55,0.58,0.76,0.74,0.88,0.65,0.54,0.7935947381691509,0.4065139801787066,0.3300199736555925,0.7317415271054905,0.5671156426129474,1.0848738033899197
81,44,L05,Bench spacing development group,horns,pace,0.6991735413048158,0.3093207883435128,0.0,1.0,0.0,0.81,0.54,0.49,0.52,0.43,0.58,0.71,0.8004523115093847,0.40972840788341175,0.5952761672342072,0.35227949937042163,0.6927962040097452,0.9702359460904256
81,45,L08,Low-turnover veteran group,post_split,size,0.6991735413048158,0.3093207883435128,0.0,0.0,0.0,0.69,0.68,0.55,0.69,0.59,0.91,0.52,0.7552691321729155,0.4149764234892175,0.4776677851755214,0.39847902566581983,1.2997164872881313,1.0186768877559444
81,46,L05,Bench spacing development group,post_split,size,0.6991735413048158,0.3093207883435128,0.0,0.0,1.0,0.81,0.54,0.49,0.52,0.43,0.58,0.71,0.5705378798802964,0.5055922228021904,0.5248886595347174,0.3930305553237697,0.4739538835677147,0.8806208877322249
81,47,L12,Late-clock creation group,post_split,size,0.6991735413048158,0.3093207883435128,1.0,0.0,0.0,0.74,0.91,0.59,0.63,0.51,0.66,0.57,0.6104762220031145,0.5191614255817175,0.42082935575563385,0.48818508572578406,0.9119004699424347,0.8447246773919822
81,48,L09,Small-ball offensive group,empty_corner,switch,0.6991735413048158,0.3093207883435128,0.0,0.0,0.0,0.91,0.76,0.54,0.48,0.36,0.69,0.79,0.8569114317572366,0.3165439993638565,0.5645615200056072,0.3096596400089932,1.3161010906151738,1.1260436122245947
81,49,L07,Rim pressure transition group,early_drag,drop,0.6991735413048158,0.3093207883435128,1.0,1.0,0.0,0.6,0.7,0.89,0.6,0.61,0.57,0.83,0.7478646701090048,0.5338634213433107,0.33418322337892326,0.5761490651062852,1.308758071591566,1.071019428659754
81,50,L06,Balanced playoff-style unit,post_split,zone,0.6991735413048158,0.3093207883435128,0.0,1.0,0.0,0.76,0.75,0.66,0.79,0.66,0.78,0.63,0.8603288596870631,0.2756753311176104,0.36476643583538904,0.5624529060192187,1.5744150176870457,1.2586919423533265
81,51,L08,Low-turnover veteran group,post_split,switch,0.6991735413048158,0.3093207883435128,0.0,0.0,0.0,0.69,0.68,0.55,0.69,0.59,0.91,0.52,0.7348617750927546,0.3535192906580203,0.3446864402369576,0.538184970184021,0.5060072390808117,1.0407781149908941
81,52,L04,Switch-heavy defensive group,horns,size,0.6991735413048158,0.3093207883435128,0.0,0.0,1.0,0.64,0.61,0.57,0.91,0.68,0.7,0.61,0.6988324875002253,0.3015545855341904,0.326273678572592,0.6252603583376188,0.9942792744329298,1.057777566638284
81,53,L02,High creation guard unit,early_drag,drop,0.6991735413048158,0.3093207883435128,0.0,0.0,0.0,0.73,0.88,0.67,0.57,0.47,0.62,0.76,0.8888137506668184,0.4263715993244034,0.4692896868965098,0.37519980831276395,0.8640222143551674,1.0749279583125015
82,0,L06,Balanced playoff-style unit,early_drag,pressure,0.6559574045593323,0.4052769728576916,0.0,0.0,1.0,0.76,0.75,0.66,0.79,0.66,0.78,0.63,0.7970241740546984,0.3864476831898619,0.36429669894062167,0.5839819175455164,1.3579456564017671,1.0892077925520511
82,1,L04,Switch-heavy defensive group,post_split,zone,0.6559574045593323,0.4052769728576916,0.0,0.0,0.0,0.64,0.61,0.57,0.91,0.68,0.7,0.61,0.6824021480933634,0.3701182819781107,0.30403289331465366,0.6214091741344686,1.0283375129998333,1.0607320822383413
82,2,L08,Low-turnover veteran group,horns,pressure,0.6559574045593323,0.4052769728576916,0.0,1.0,1.0,0.69,0.68,0.55,0.69,0.59,0.91,0.52,0.839459414629635,0.27000722590641274,0.4156548598440041,0.44179961962269,1.305134051040232,1.0423086151172334
82,3,L06,Balanced playoff-style unit,empty_corner,size,0.6559574045593323,0.4052769728576916,0.0,0.0,0.0,0.76,0.75,0.66,0.79,0.66,0.78,0.63,0.6211743144123583,0.40640367555649404,0.4004634671901533,0.6313958035305471,0.8708980684334057,0.9383303522759907
82,4,L08,Low-turnover veteran group,spread_pnr,drop,0.6559574045593323,0.4052769728576916,0.0,0.0,0.0,0.69,0.68,0.55,0.69,0.59,0.91,0.52,0.7585640369068877,0.30656978854261785,0.42081964053628257,0.5921429985060987,1.472126177860863,1.0633206060383231
82,5,L02,High creation guard unit,empty_corner,pressure,0.6559574045593323,0.4052769728576916,1.0,1.0,0.0,0.73,0.88,0.67,0.57,0.47,0.62,0.76,0.7485374363452628,0.6079073976802205,0.381229923830803,0.4637861040897341,1.0887369599076753,1.0128719906324015
82,6,L07,Rim pressure transition group,horns,switch,0.6559574045593323,0.4052769728576916,1.0,1.0,0.0,0.6,0.7,0.89,0.6,0.61,0.57,0.83,0.7292937623158217,0.5379515729242549,0.4051824398318171,0.5400639574553352,1.0004358418018424,1.0367943066339878
82,7,L10,Player-development evaluation group,post_split,zone,0.6559574045593323,0.4052769728576916,0.0,0.0,0.0,0.62,0.49,0.58,0.5,0.52,0.54,0.67,0.7670123989058641,0.41687989024046535,0.48301665974925856,0.523614931470988,1.0653647128503714,1.0361663985033576
82,8,L10,Player-development evaluation group,horns,size,0.6559574045593323,0.4052769728576916,0.0,1.0,0.0,0.62,0.49,0.58,0.5,0.52,0.54,0.67,0.7920757884738052,0.43645773415700184,0.5250435251659694,0.45239222380044525,0.773450169907159,0.9896466015214818
82,9,L02,High creation guard unit,early_drag,size,0.6559574045593323,0.4052769728576916,0.0,1.0,0.0,0.73,0.88,0.67,0.57,0.47,0.62,0.76,0.8436395632087478,0.43118847643863045,0.5224135402405773,0.376614063793967,0.8934573184888412,0.9756424041955218
82,10,L01,Spacing with two-way wings,early_drag,drop,0.6559574045593323,0.4052769728576916,0.0,0.0,0.0,0.87,0.72,0.61,0.78,0.58,0.74,0.69,0.8711652841309188,0.4528736670223115,0.40806024671722174,0.5539050423695625,0.8844033363759121,1.0763970445227258
82,11,L03,Big frontcourt rebound unit,horns,size,0.6559574045593323,0.4052769728576916,0.0,0.0,1.0,0.55,0.58,0.76,0.74,0.88,0.65,0.54,0.6885341379697634,0.4302785773757086,0.3219529291254727,0.7149310379443012,1.5214239884497427,1.006214706125248
82,12,L01,Spacing with two-way wings,post_split,drop,0.6559574045593323,0.4052769728576916,1.0,0.0,0.0,0.87,0.72,0.61,0.78,0.58,0.74,0.69,0.6715604612282751,0.535100404412751,0.3860241219567393,0.47620427678512484,0.58016355410323,0.9544522080419733
82,13,L03,Big frontcourt rebound unit,spread_pnr,drop,0.6559574045593323,0.4052769728576916,0.0,0.0,1.0,0.55,0.58,0.76,0.74,0.88,0.65,0.54,0.6282774732112175,0.5490732421558869,0.28634921350958276,0.7245218595995986,1.2899150172897094,0.8743972286089161
82,14,L09,Small-ball offensive group,empty_corner,switch,0.6559574045593323,0.4052769728576916,0.0,1.0,0.0,0.91,0.76,0.54,0.48,0.36,0.69,0.79,0.890134063841801,0.39383934549744626,0.45320304343545004,0.28416640981214514,1.0244227333902458,1.0988870041085497
82,15,L05,Bench spacing development group,spread_pnr,zone,0.6559574045593323,0.4052769728576916,0.0,1.0,0.0,0.81,0.54,0.49,0.52,0.43,0.58,0.71,0.7667165762106183,0.5221832108452823,0.4702932035055498,0.36006833515633985,0.9285448686992881,1.0031588432690097
82,16,L08,Low-turnover veteran group,empty_corner,pressure,0.6559574045593323,0.4052769728576916,0.0,1.0,1.0,0.69,0.68,0.55,0.69,0.59,0.91,0.52,0.7537628339093736,0.26692095683228906,0.3655819626351069,0.4832886874361927,0.9677754506261625,1.0316216378502483
82,17,L07,Rim pressure transition group,empty_corner,drop,0.6559574045593323,0.4052769728576916,0.0,0.0,0.0,0.6,0.7,0.89,0.6,0.61,0.57,0.83,0.7039554706674845,0.4493666911066201,0.42254663493268935,0.4413126793071752,0.6526224391747353,0.9709774204384651
82,18,L01,Spacing with two-way wings,empty_corner,pace,0.6559574045593323,0.4052769728576916,0.0,0.0,1.0,0.87,0.72,0.61,0.78,0.58,0.74,0.69,0.8630265739108375,0.40985972306521357,0.33211438239107954,0.4695739809387443,1.0392919637109108,1.0787558980167098
82,19,L08,Low-turnover veteran group,empty_corner,pace,0.6559574045593323,0.4052769728576916,1.0,1.0,0.0,0.69,0.68,0.55,0.69,0.59,0.91,0.52,0.6403730464421797,0.4231584263235894,0.3729586130823167,0.5074930869960279,0.45708062409774824,1.0015823541573896
82,20,L01,Spacing with two-way wings,early_drag,zone,0.6559574045593323,0.4052769728576916,0.0,1.0,0.0,0.87,0.72,0.61,0.78,0.58,0.74,0.69,0.9259634387832814,0.40784886261584313,0.4677654902636329,0.5216638624290297,1.5748519545865887,1.166698852888755
82,21,L08,Low-turnover veteran group,post_split,pressure,0.6559574045593323,0.4052769728576916,1.0,0.0,0.0,0.69,0.68,0.55,0.69,0.59,0.91,0.52,0.5767852154705662,0.44245919945057866,0.2799517525553924,0.5056965050995167,1.2266966451807224,0.9899438714897012
82,22,L12,Late-clock creation group,spread_pnr,pace,0.6559574045593323,0.4052769728576916,0.0,0.0,0.0,0.74,0.91,0.59,0.63,0.51,0.66,0.57,0.7940390834869792,0.41280720709774016,0.48147095587355915,0.42628432480602074,0.8893964232727818,0.9975662013131279
82,23,L08,Low-turnover veteran group,early_drag,size,0.6559574045593323,0.4052769728576916,1.0,0.0,1.0,0.69,0.68,0.55,0.69,0.59,0.91,0.52,0.49559226001533374,0.3961804668606623,0.41344969891175326,0.5591021095759484,0.9700252123638061,0.8714241161369624
82,24,L01,Spacing with two-way wings,horns,pressure,0.6559574045593323,0.4052769728576916,0.0,0.0,0.0,0.87,0.72,0.61,0.78,0.58,0.74,0.69,0.7059911037915376,0.350307280798404,0.35337821057234275,0.487249530643098,1.6229764994169493,1.011414079110552
82,25,L03,Big frontcourt rebound unit,switch_hunt,size,0.6559574045593323,0.4052769728576916,0.0,0.0,0.0,0.55,0.58,0.76,0.74,0.88,0.65,0.54,0.6797762913487195,0.44306082265242047,0.2492283065894077,0.7446244959277001,1.070456926623402,1.0151469443272867
82,26,L08,Low-turnover veteran group,early_drag,switch,0.6559574045593323,0.4052769728576916,0.0,0.0,0.0,0.69,0.68,0.55,0.69,0.59,0.91,0.52,0.7876920184685517,0.3061353160688218,0.423516598392581,0.6168983787312489,1.3947170019679598,1.061666004179675
82,27,L02,High creation guard unit,empty_corner,switch,0.6559574045593323,0.4052769728576916,0.0,0.0,0.0,0.73,0.88,0.67,0.57,0.47,0.62,0.76,0.8547930724574901,0.43229157199148854,0.4413471666180925,0.3872052023760199,1.016238559373207,0.9820720235940407
82,28,L07,Rim pressure transition group,spread_pnr,switch,0.6559574045593323,0.4052769728576916,0.0,1.0,1.0,0.6,0.7,0.89,0.6,0.61,0.57,0.83,0.8478802720955615,0.42522161625432475,0.45505385477257826,0.580057655595214,0.5512794724990311,1.0482684747014273
82,29,L11,Defensive glass control group,spread_pnr,pace,0.6559574045593323,0.4052769728576916,0.0,0.0,0.0,0.58,0.57,0.62,0.86,0.92,0.69,0.49,0.7110421627339572,0.4629112994476788,0.23864562286624783,0.7052213825826716,0.8782009398416212,1.0447361477590578
82,30,L06,Balanced playoff-style unit,post_split,pressure,0.6559574045593323,0.4052769728576916,0.0,0.0,0.0,0.76,0.75,0.66,0.79,0.66,0.78,0.63,0.8524606351755551,0.39746279804219,0.37749633590080445,0.5276478371741987,0.1869162140615948,1.0914391843486184
82,31,L11,Defensive glass control group,post_split,zone,0.6559574045593323,0.4052769728576916,0.0,0.0,1.0,0.58,0.57,0.62,0.86,0.92,0.69,0.49,0.7067109327871747,0.48011702251230387,0.306105553313175,0.8258504577745993,1.4915371242419062,1.0234741310053461
82,32,L03,Big frontcourt rebound unit,spread_pnr,pace,0.6559574045593323,0.4052769728576916,0.0,0.0,0.0,0.55,0.58,0.76,0.74,0.88,0.65,0.54,0.7968495425157955,0.39291982349497806,0.23971133659506538,0.6306086254753387,1.2359298482418333,1.1382191213578086
82,33,L06,Balanced playoff-style unit,empty_corner,zone,0.6559574045593323,0.4052769728576916,0.0,1.0,0.0,0.76,0.75,0.66,0.79,0.66,0.78,0.63,0.8216570637197339,0.40835877042529567,0.3969686409734534,0.5162624834180926,1.0080982259068483,1.1102923123717847
82,34,L01,Spacing with two-way wings,empty_corner,pace,0.6559574045593323,0.4052769728576916,0.0,0.0,1.0,0.87,0.72,0.61,0.78,0.58,0.74,0.69,0.8518206977053165,0.4150384668725319,0.4235639208066396,0.5624263960596935,1.0983690197458194,1.0929016555235052
82,35,L01,Spacing with two-way wings,early_drag,zone,0.6559574045593323,0.4052769728576916,0.0,0.0,0.0,0.87,0.72,0.61,0.78,0.58,0.74,0.69,0.6829137714252268,0.4512260900362195,0.37793550543331034,0.5653512696953934,0.8987483498660658,1.000924599510849
82,36,L10,Player-development evaluation group,horns,size,0.6559574045593323,0.4052769728576916,0.0,0.0,0.0,0.62,0.49,0.58,0.5,0.52,0.54,0.67,0.7211281520509324,0.48574802883262885,0.42452355033435674,0.3902335699261509,1.2960881948232799,0.9761027217307581
82,37,L10,Player-development evaluation group,switch_hunt,pressure,0.6559574045593323,0.4052769728576916,0.0,0.0,0.0,0.62,0.49,0.58,0.5,0.52,0.54,0.67,0.6896178251487405,0.4281487922765863,0.5240926733492285,0.5002336435302602,0.838603293388173,0.8662060569886013
82,38,L10,Player-development evaluation group,spread_pnr,size,0.6559574045593323,0.4052769728576916,0.0,0.0,0.0,0.62,0.49,0.58,0.5,0.52,0.54,0.67,0.5590891071984608,0.41447051777995203,0.45289067275384987,0.5222304353049455,0.8991807724527687,0.9437778701449749
82,39,L06,Balanced playoff-style unit,early_drag,pace,0.6559574045593323,0.4052769728576916,0.0,0.0,0.0,0.76,0.75,0.66,0.79,0.66,0.78,0.63,0.7011855141999845,0.35049998205709854,0.3023240427972593,0.5976838597156976,0.6502946410449193,1.064493645383856
82,40,L12,Late-clock creation group,switch_hunt,zone,0.6559574045593323,0.4052769728576916,0.0,0.0,0.0,0.74,0.91,0.59,0.63,0.51,0.66,0.57,0.7908998618806776,0.42094639284207214,0.44858431457084175,0.40894296746844244,0.6673998813324301,0.9891233003093479
82,41,L06,Balanced playoff-style unit,early_drag,zone,0.6559574045593323,0.4052769728576916,0.0,1.0,0.0,0.76,0.75,0.66,0.79,0.66,0.78,0.63,0.8387773734277384,0.34936026310521096,0.27648246619493905,0.5292152508150675,0.7283483482980543,1.1696519343821572
82,42,L01,Spacing with two-way wings,horns,pressure,0.6559574045593323,0.4052769728576916,0.0,0.0,0.0,0.87,0.72,0.61,0.78,0.58,0.74,0.69,0.7428810077280716,0.35442989328134283,0.3610737558000428,0.5010979770672164,1.1801962134769612,1.0498410558135363
82,43,L09,Small-ball offensive group,horns,pace,0.6559574045593323,0.4052769728576916,1.0,0.0,0.0,0.91,0.76,0.54,0.48,0.36,0.69,0.79,0.6119695900345565,0.6069978225393885,0.5328023315450249,0.23150478248262354,0.8920533301423078,0.7616793061262789
82,44,L08,Low-turnover veteran group,switch_hunt,pressure,0.6559574045593323,0.4052769728576916,0.0,0.0,0.0,0.69,0.68,0.55,0.69,0.59,0.91,0.52,0.6769182867782174,0.34884602178085494,0.39146139249033884,0.5772883030351252,1.0157716534437977,0.9856442196895817
82,45,L06,Balanced playoff-style unit,post_split,pace,0.6559574045593323,0.4052769728576916,0.0,0.0,0.0,0.76,0.75,0.66,0.79,0.66,0.78,0.63,0.7841871251235679,0.38272601566679276,0.38923942841132697,0.43488620981208337,0.8062137782836487,1.0394385291814745
82,46,L12,Late-clock creation group,horns,zone,0.6559574045593323,0.4052769728576916,1.0,1.0,1.0,0.74,0.91,0.59,0.63,0.51,0.66,0.57,0.7099910085520579,0.5721827971452409,0.4250393094240863,0.3816816042829905,1.233580535063347,0.919928914062018
82,47,L08,Low-turnover veteran group,switch_hunt,drop,0.6559574045593323,0.4052769728576916,0.0,0.0,1.0,0.69,0.68,0.55,0.69,0.59,0.91,0.52,0.6854187000066101,0.31621277185044777,0.4291601709666894,0.407137987560654,1.3703373707165933,0.9704118014712411
82,48,L09,Small-ball offensive group,empty_corner,size,0.6559574045593323,0.4052769728576916,0.0,1.0,0.0,0.91,0.76,0.54,0.48,0.36,0.69,0.79,0.8203533054950464,0.311735363633484,0.4563900498751211,0.25592001737149606,1.4385330271330448,1.038489015910717
82,49,L10,Player-development evaluation group,early_drag,size,0.6559574045593323,0.4052769728576916,0.0,0.0,0.0,0.62,0.49,0.58,0.5,0.52,0.54,0.67,0.6469654225533216,0.46651736672033534,0.5856335697221517,0.49006794487969163,1.1174047890599654,0.9437774265687218
82,50,L03,Big frontcourt rebound unit,switch_hunt,size,0.6559574045593323,0.4052769728576916,0.0,0.0,0.0,0.55,0.58,0.76,0.74,0.88,0.65,0.54,0.6337996649693722,0.36365222476199466,0.3020063349737725,0.7702012244684394,1.2804824478643715,1.0654515505023214
82,51,L06,Balanced playoff-style unit,post_split,pressure,0.6559574045593323,0.4052769728576916,0.0,0.0,0.0,0.76,0.75,0.66,0.79,0.66,0.78,0.63,0.7491079195481593,0.30165991647282914,0.34359542960248274,0.5570450803194725,1.4583051413795658,1.0637273267291956
82,52,L10,Player-development evaluation group,horns,switch,0.6559574045593323,0.4052769728576916,0.0,0.0,0.0,0.62,0.49,0.58,0.5,0.52,0.54,0.67,0.6583955523883489,0.4005022896182081,0.4587611929441833,0.5537281700162473,0.811100759622359,0.9550180478726428
82,53,L04,Switch-heavy defensive group,spread_pnr,pressure,0.6559574045593323,0.4052769728576916,0.0,0.0,0.0,0.64,0.61,0.57,0.91,0.68,0.7,0.61,0.6927560937328406,0.4301326131358918,0.35141591358764696,0.5837980009494653,0.7054784175522034,0.9941180755902156
